ed,mean,std
Abbey,158875.0,74612.7502508787
Abbey A,179012.5,71583.50758165115
Abbey B,125294.11764705883,106240.74354142715
Abbey C,57250.0,32968.41923214801
Abbey D,61833.333333333336,25333.114034138533
Abbey East,134500.0,707.1067811865476
Abbey West,240000.0,
Abbeydorney,115000.0,58949.13061275798
Abbeyfeale,94652.94117647059,47984.08743592841
Abbeylara,68000.0,16970.56274847714
Abbeyleix,186650.66666666666,413291.2591325908
Abbeymahon,142214.2857142857,66477.97701924622
Abbeyville,317500.0,180312.2292025696
Abington,64375.0,19405.21837032503
Achill,200000.0,
Achonry East,101000.0,
Achonry West,40000.0,
Aclare,38000.0,16970.56274847714
Adamstown,154666.66666666666,66710.8187128095
Adare North,220000.0,0.0
Adare South,402828.13636363635,353238.29432596045
Addergoole,52500.0,31819.80515339464
Adrigole,236015.5,114573.21886243748
Agha,140000.0,
Aghabog,130000.0,
Aghaboy,52166.666666666664,15782.374134880129
Aghacashel,66000.0,15099.6688705415
Aghadoe,169583.33333333334,49960.40098584745
Aghadown North,72000.0,
Aghadown South,188000.0,52886.67128870941
Aghagower North,237500.0,10606.601717798212
Aghamore,82500.0,24109.12690248239
Aghanagh,125000.0,
Aghancon,51000.0,5196.152422706632
Agharra,127500.0,54352.246197067754
Aghavas,73125.0,43845.13465976965
Aghaviller,218000.0,0.0
Aghinagh,180000.0,113137.0849898476
Aghowle,25000.0,0.0
Aglish,213521.73913043478,107724.76273322145
Ahascragh,74900.0,62239.8586116646
Aille,102250.0,56214.989104330525
Airport,171025.0,46400.02693964736
Allow,51000.0,29461.83972531247
Altnapaste,68000.0,19798.98987322333
Anglesborough,143000.0,80610.17305526642
Anketell Grove,114900.0,42412.26237776051
Annaduff,155000.0,49497.474683058324
Annagary,95454.54545454546,36712.70525680078
Annagh,99331.16666666667,66986.20774582382
Annaghdown,189904.16666666666,70976.25229716989
Annaghmore,63500.0,6304.760106459246
Anner,192500.0,0.0
Annestown,204333.33333333334,84890.12506371594
Anny,375000.0,
Arabela,104375.0,76167.98868291063
Aran,71500.0,15787.653403846945
Ardagh,85907.5,42952.751446422866
Ardagh East,117125.0,78178.25327873658
Ardagh West,129000.0,125865.00705120547
Ardamine,98466.23333333334,40603.15979014045
Ardara,130000.0,130320.11868216409
Ardbraccan,168658.33333333334,83450.41067404441
Ardcath,215538.46153846153,89775.52133387602
Ardcavan,162731.4814814815,70111.2757695115
Ardcolm,164583.33333333334,51439.689605077
Ardcrony,138333.33333333334,9309.49336251263
Ardea,155000.0,
Ardee Rural,157468.64179104476,138621.91769928494
Arderin,200000.0,
Ardfield,333333.3333333333,339423.53090693837
Ardmalin,112000.0,62016.12693485461
Ardmayle,66333.33333333333,35522.76265532661
Ardmore,407500.0,577303.6856408813
Ardmulchan,163125.0,101766.45181141826
Ardnaglew,350000.0,
Ardnagragh,120000.0,
Ardnamullan,156601.5,40710.596946179576
Ardnaree North,167875.0,91567.98801203087
Ardnaree South Rural,150634.2857142857,57838.76139171491
Ardnaree South Urban,72200.0,41462.33259236629
Ardough,220000.0,
Ardpatrick,81666.66666666667,12583.057392117918
Ardrahan,252000.0,159806.13254815975
Ards,130000.0,32787.19262151
Ardsallagh,18000.0,0.0
Ardskeagh,134250.0,152074.81711315652
Ardue,240000.0,
Arklow No 1 Urban,143183.80681818182,56925.80415891911
Arklow No 2 Urban,170268.18181818182,59312.42484723368
Arklow Rural,137000.0,62994.70877250988
Arless,90000.0,
Arran Quay A,216761.90476190476,78251.93592615123
Arran Quay B,205637.23076923078,108484.05497299875
Arran Quay C,178595.45454545456,69515.3544345744
Arran Quay D,222114.95,88077.03569840678
Arran Quay E,196573.91304347827,63870.79191197582
Artagh North,66833.33333333333,32158.461820595006
Artagh South,25000.0,
Artramon,96625.0,71266.37238791752
Arvagh,83214.28571428571,39705.01347736952
Ashfield,77500.0,24748.737341529162
Ashtown A,262716.6666666667,105933.59037706333
Ashtown B,280683.3333333333,102242.18221228168
Askeaton East,111468.75,117136.15541859824
Askeaton West,103433.33333333333,49706.24373925943
Athboy,127887.77777777778,52328.884726962
Athenry,172514.83050847458,160217.65436367606
Athleague East,89000.0,65053.82386916237
Athleague West,91166.66666666667,25181.01136438593
Athlone East Rural,138756.9923076923,64172.24521678145
Athlone East Urban,95871.42857142857,72345.14051751752
Athlone West Rural,127423.57142857143,43772.90626516772
Athlone West Urban,83829.78723404255,50587.77096979938
Athy Rural,89925.66972477065,48468.861865702755
Attymass West,87000.0,
Auburn,175000.0,
Aughinish,130000.0,98994.94936611665
Aughmacart,170000.0,
Aughrim,160094.32352941178,124507.57849070645
Aughris,207000.0,
Aughwilliam,77166.66666666667,18148.461826465256
Avoca,162666.66666666666,127186.21518597576
Ayle,144000.0,62225.39674441618
Ayrfield,237714.2857142857,62985.55923597811
Bahaghs,187500.0,
Bailieborough,92904.80769230769,65166.94117058833
Balbriggan Rural,153259.23076923078,68868.02024588341
Balbriggan Urban,150376.57236842104,50500.243688036
Baldoyle,290759.9137931034,87976.21892599297
Balgriffin,517310.5263157895,322042.26585054334
Balla,78432.14285714286,39774.59378094967
Ballagh,180125.0,99171.7260614133
Ballaghaderreen,62166.23529411765,25330.940486708667
Ballaghameehan,50000.0,
Ballaghmoon,30000.0,
Ballina,225521.12676056338,89953.97381120278
Ballina Rural,125515.21739130435,57041.65430706718
Ballina Urban,96402.81818181818,53177.84636693732
Ballinacarrig,87500.0,53033.00858899106
Ballinaclash,220000.0,134350.28842544404
Ballinacor,165000.0,98488.57801796104
Ballinacurra A,170636.36363636365,80248.45078139423
Ballinacurra B,157666.66666666666,24006.943440041116
Ballinadee,208166.66666666666,115963.71558954693
Ballinakill,132700.0,74815.40245460453
Ballinalack,136400.0,40153.45564207395
Ballinalee,82916.66666666667,42804.692110406155
Ballinamore,59166.666666666664,27032.38798182654
Ballinamuck East,43500.0,21486.42982597776
Ballinascorney,151833.33333333334,25299.868247351278
Ballinasloe Rural,175000.0,187320.58082335748
Ballinasloe Urban,93294.9696969697,43338.67424651129
Ballinastack,120000.0,
Ballincloher,166000.0,29698.484809834998
Ballincollig,239727.19822485207,124809.49966735617
Ballincor,90000.0,
Ballincrea,155000.0,93112.83477587823
Ballinderry,180000.0,
Ballindine,91968.75,63157.461596846515
Ballinduff,190000.0,66206.74688680402
Ballingarry,157300.0,87778.49557673158
Ballinglen,38000.0,
Ballingurteen,152500.0,53033.00858899106
Ballinlough,70937.5,22303.807330332
Ballinlough A,245500.0,86460.56078599405
Ballinlough B,315227.2727272727,116871.73063001398
Ballinlough C,307837.13333333336,183515.89603506387
Ballinrobe,122488.63636363637,73212.93460372998
Ballinskelligs,134785.7142857143,94045.13860502357
Ballinspittle,245666.66666666666,104509.96762669737
Ballinteer-Broadford,372983.4791666667,90777.40632389301
Ballinteer-Ludford,406179.347826087,118130.46769289876
Ballinteer-Marley,399548.9428571428,155153.12246198114
Ballinteer-Meadowbroads,437239.1304347826,120733.25872702125
Ballinteer-Meadowmount,386282.7586206897,118867.52025128501
Ballinteer-Woodpark,419137.7450980392,115962.18025425586
Ballintemple,176718.75,87104.14623694253
Ballintober,69216.66666666667,47750.61954222863
Ballintogher East,138875.0,107452.60583159444
Ballintogher West,230000.0,
Ballintra,271783.3333333333,235899.89755543912
Ballintruckle,114681.33333333333,41488.502766648286
Ballinvoher,97000.0,73539.10524340095
Ballitore,160500.0,14849.242404917499
Ballon,128437.5,44237.53860047563
Balloughter,213200.0,75859.73899243261
Ballyadams,100000.0,
Ballyagran,83000.0,9899.494936611665
Ballyallinan,207000.0,
Ballyanne,164312.5,153683.30192856563
Ballyarr,178333.33333333334,36855.57397915997
Ballyarthur,222250.0,110469.34992443502
Ballybaan,171820.77922077922,78367.9887952082
Ballybane,258000.0,
Ballybay Rural,58100.0,29369.20155537089
Ballybay Urban,38750.0,13149.778198382915
Ballybeagh,156333.33333333334,10688.779163215977
Ballybeg,58500.0,16263.455967290593
Ballybeg North,48570.0,24298.33768564661
Ballybeg South,162000.0,
Ballyblood,188500.0,146310.45758933297
Ballyboden,399669.625,192685.24695769453
Ballyboggan,140000.0,
Ballyboghil,398666.6666666667,144047.73514359744
Ballybough A,165596.875,70238.83442147296
Ballybough B,251671.05263157896,95801.19309727837
Ballybrack,367977.25925925927,127871.82773935473
Ballybrackan,167000.0,60244.294335646424
Ballybricken,201193.33333333334,107955.99279777099
Ballybrit,175000.0,53288.52284185279
Ballybrittas,232681.81818181818,124206.19812907751
Ballyburly,132285.7142857143,43286.92922532438
Ballycahill,104250.0,48951.141822375146
Ballycallan,210000.0,0.0
Ballycanew,130500.0,57275.64927611035
Ballycannan,132833.33333333334,76145.69368432247
Ballycarney,173400.0,138705.80377186817
Ballycarroll,123000.0,103237.59005323594
Ballycarron,157500.0,0.0
Ballycastle,36500.0,4949.747468305833
Ballyclerahan,121000.0,110851.25168440814
Ballyclogh,81500.0,47376.15433949869
Ballyconnell,79647.05882352941,35984.269439003816
Ballyconra,75750.0,39162.16286161938
Ballyconry,160000.0,
Ballycottin,201350.0,87550.95341824922
Ballycullen,235000.0,
Ballycumber,124600.0,61853.05166279187
Ballycummin,184422.94857142857,69076.51555010077
Ballydehob,169708.33333333334,109061.58775775468
Ballyduff,99500.0,75916.07207963278
Ballyea,165833.33333333334,60017.358600102794
Ballyellis,201500.0,103944.69683442249
Ballyfarnan,78333.33333333333,72858.30998131464
Ballyfeard,186500.0,89802.56121069154
Ballyfin,82000.0,
Ballygall A,158961.53846153847,53672.641111148536
Ballygall B,219577.63157894736,77764.64813554022
Ballygall C,313731.32857142854,120216.94379247678
Ballygall D,293110.02,110926.33893264302
Ballygarden,86250.0,35677.95771434608
Ballygarraun,144500.0,64241.73098539609
Ballygarrett,123750.0,78415.02832153201
Ballygarvan,223000.0,74526.99327943352
Ballygibbon,135500.0,71014.08311032398
Ballyglass,218440.7894736842,113910.5183758602
Ballygroman,220421.875,66989.42012940695
Ballyhack,158412.5,57677.48779796335
Ballyhaise,90083.33333333333,44991.57328507936
Ballyhale,103857.14285714286,44120.330590653684
Ballyhaunis,59740.0,32565.677228231154
Ballyhealy,15000.0,
Ballyhean,105000.0,
Ballyheeny,69000.0,43840.62043356595
Ballyheige,116550.0,47747.28031812679
Ballyhoge,204000.0,126443.66334458995
Ballyhooly,162969.23076923078,45773.853246429244
Ballyhuskard,128000.0,44113.49000022555
Ballyjamesduff,81422.22222222222,34338.54770641674
Ballykilmore,106071.42857142857,42316.69151708792
Ballykisteen,103333.33333333333,45240.100206196126
Ballylaneen,125000.0,
Ballylarkin,283000.0,
Ballylehane,80000.0,
Ballyliffin,128900.0,37806.08416644073
Ballylynan,97200.0,17810.10948871455
Ballymacart,170000.0,
Ballymachugh,82375.0,41443.48561595658
Ballymackean,135000.0,
Ballymackney,134000.0,13892.443989449805
Ballymaclode,285900.0,100878.67536232393
Ballymacool,88571.31578947368,53137.77371624825
Ballymacshaneboy,60000.0,
Ballymacward,212000.0,
Ballymacwilliam,120000.0,
Ballymahon,84310.875,90443.98198890637
Ballymartle,189067.5,67970.42965248092
Ballymascanlan,212800.0,88936.49419670195
Ballymitty,165000.0,63639.61030678928
Ballymodan,173008.2857142857,86363.90592154788
Ballymoney,129000.0,31176.91453623979
Ballymoon,265000.0,65000.0
Ballymore,88964.28571428571,52139.76980423001
Ballymore Eustace,219500.0,130406.09648325495
Ballymote,70852.94117647059,34313.70203080431
Ballymuigh,155000.0,77781.74593052022
Ballymun A,181278.57142857142,52299.712054201416
Ballymun B,135611.11111111112,31723.195159238156
Ballymun C,200141.02564102566,69313.07204860504
Ballymun D,112684.21052631579,28116.923791709007
Ballymun E,342907.8947368421,67014.20334154645
Ballymun F,255969.69696969696,75764.26382928037
Ballymurphy,263576.92307692306,106215.16020046412
Ballymurreen,90000.0,0.0
Ballynabanoge,100000.0,
Ballynacarriga,165000.0,75347.52816118124
Ballynaclogh,122000.0,32008.927326160567
Ballynadrumney,360000.0,
Ballynaglogh,310000.0,
Ballynagoraher,77500.0,17677.66952966369
Ballynagore,116166.66666666667,28001.48805569685
Ballynahaglish,120285.71428571429,52870.011303555584
Ballynakill,189108.69565217392,92795.34624422164
Ballynamona,92250.0,77428.19253992695
Ballynanty,109785.71428571429,14792.613987102774
Ballynapark,91166.66666666667,19585.283590832514
Ballynashee,78375.0,66725.02653927286
Ballynaskeagh,105250.0,95105.86206959064
Ballynestragh,227250.0,102672.17247141506
Ballynoe,112833.33333333333,62000.67203936852
Ballynorig,121500.0,103944.69683442249
Ballyovey,26000.0,
Ballyphenane A,145372.22222222222,56013.92188058647
Ballyphenane B,161000.0,26843.99374161751
Ballyporeen,91285.71428571429,118347.22613591724
Ballyragget,123648.64864864865,63416.81612606839
Ballyroan,98142.85714285714,43359.65317907333
Ballysadare East,118291.66666666667,65776.63937811651
Ballysadare West,162500.0,102530.48327204939
Ballysax East,254464.2857142857,301811.9297411319
Ballysax West,240000.0,
Ballyseedy,99071.42857142857,48017.7298604628
Ballyshannon,309911.25,138804.37802293318
Ballyshannon Rural,184423.0,43242.40809668213
Ballyshannon Urban,67900.0,34283.49303581597
Ballyshear,137000.0,
Ballysheehan,222666.66666666666,54525.83485529284
Ballysimon,183305.58823529413,91933.5149268845
Ballyspillane,210300.0,134737.52261341308
Ballysteen,211093.25,116732.50382355665
Ballyvaldon,150000.0,28284.2712474619
Ballyvarra,222190.81632653062,104334.38415012757
Ballyvaskin,180000.0,14142.13562373095
Balraheen,377300.0,128834.99352099784
Balrathboyne,304166.6666666667,220713.8041295409
Balscaddan,500000.0,28284.2712474619
Baltinglass,140000.0,59580.9642784323
Banada,30000.0,
Banagher,104650.0,88144.73487233532
Bandon,101575.1,65921.67552291337
Bangor,117500.0,
Banna,97500.0,
Bannow,155666.66666666666,81586.35506831601
Bansha,125388.88888888889,105545.57916391265
Banteer,97000.0,39140.77158156185
Bantry Rural,110000.0,14142.13562373095
Bantry Urban,118706.52173913043,84614.58920028861
Barleyhill,139400.0,42122.4405750664
Barna,248597.06766917295,98062.47486649698
Barnacurra,195000.0,
Barronstown,126000.0,67438.86120034946
Barrowhouse,147000.0,38183.76618407357
Baslick,51000.0,
Baurleigh,242000.0,103237.59005323594
Baurtregaum,110000.0,
Bawn,65000.0,
Bawnboy,200000.0,70710.67811865476
Bawncross,85000.0,
Beagh,158400.0,81733.8669096232
Beaghmore,146250.0,48436.814511278506
Bealanageary,150000.0,50000.0
Bear,80000.0,
Beaumont A,254885.57692307694,52151.670152169
Beaumont B,254170.3125,73565.82410445038
Beaumont C,263743.5344827586,99068.04463816076
Beaumont D,286500.0,42486.840067806486
Beaumont E,283546.875,91507.7433154897
Beaumont F,299456.52173913043,93032.54066824363
Bective,153750.0,118440.38584874671
Beihy,63666.666666666664,53200.87718575074
Bekan,62000.0,
Belclare,88000.0,45254.83399593904
Bellanagare,62062.5,29725.455060796437
Bellanalack,93000.0,
Bellananagh,120312.5,94343.95184642203
Bellanode,134666.66666666666,45260.35793053343
Bellavary,100000.0,
Belleville,180000.0,7071.067811865475
Belmullet,141090.9090909091,91276.17930813553
Belturbet Urban,57153.846153846156,28348.563026034066
Belvidere,138500.0,79195.95949289332
Bennettsbridge,228894.4,85945.81035313554
Bilberry,79535.71428571429,51565.665487248945
Birdhill,177000.0,0.0
Birdstown,110045.45454545454,52730.662116767766
Birr Rural,151072.85714285713,61910.140449494946
Birr Urban,100494.88888888889,52263.94805661591
Bishopstown A,221857.14285714287,109689.60535898342
Bishopstown B,258312.5,63838.30485426964
Bishopstown C,312447.36842105264,115370.83508184472
Bishopstown D,313136.36363636365,80530.85504773071
Bishopstown E,227400.09375,60596.26595906343
Blackpool,432500.0,201525.43263816604
Blackpool A,100500.0,64346.71708797583
Blackpool B,142666.66666666666,82075.16879868925
Blackrock-Booterstown,438905.6603773585,202753.52260536051
Blackrock-Carysfort,497306.3839285714,210494.0883713452
Blackrock-Central,783758.7731958763,602453.8609800253
Blackrock-Glenomena,476950.0,220923.96055238968
Blackrock-Monkstown,459193.1477272727,248391.61835668187
Blackrock-Newpark,450972.8695652174,103856.97870343055
Blackrock-Seapoint,1049249.5161290322,523824.5043338383
Blackrock-Stradbrook,448132.9268292683,156762.69709729895
Blackrock-Templehill,516510.453125,231023.1561643221
Blackrock-Williamstown,573865.3777777777,333136.6789554517
Blanchardstown-Abbotstown,232355.71604938273,126887.37878993664
Blanchardstown-Blakestown,213535.94864048337,79451.11223558093
Blanchardstown-Coolmine,217925.0387096774,75501.06331433944
Blanchardstown-Corduff,164257.15789473685,40092.107141624234
Blanchardstown-Delwood,267815.97222222225,94251.31628564496
Blanchardstown-Mulhuddart,152238.61445783134,39182.47086882259
Blanchardstown-Roselawn,322670.45454545453,101425.30051963284
Blanchardstown-Tyrrelstown,113833.33333333333,41729.685676586
Blarney,189454.61538461538,81392.09964496175
Blennerville,208375.0,114279.02882231468
Blessington,223229.4642857143,74010.59799833689
Bocks,50000.0,
Bodenstown,240471.69811320756,117780.57397837867
Bohadoon,42500.0,
Boherboy,192500.0,150858.653491715
Boherglass,65500.0,13435.028842544403
Bohernabreena,245472.22222222222,107717.28686190017
Boherquill,62850.0,24253.76259469858
Bolaboy,139333.33333333334,59002.82479113465
Bonnyglen,291750.0,200464.77246638623
Boolteens,151000.0,107480.23074035523
Boolyglass,35000.0,0.0
Borris,112437.93103448275,46680.564660199576
Borris-in-Ossory,110500.0,77074.63914933369
Borrisokane,90500.0,40523.77660816222
Borrisoleigh,90334.28571428571,48326.02957067685
Botanic A,345481.48148148146,139781.63438367483
Botanic B,401773.75,157614.8428829184
Botanic C,401401.6666666667,142159.6191775732
Bourney West,180000.0,0.0
Boyle Rural,95232.55813953489,58395.44470545394
Bracklin,80000.0,
Brackloon,58000.0,31187.604375242845
Bracknagh,310000.0,247487.37341529163
Bramblestown,180000.0,0.0
Brandon,70000.0,
Bray No 1,182310.3448275862,72539.94143537944
Bray No 2,331132.0224719101,142041.6376708842
Bray No 3,262461.53846153844,112250.79140451603
Breaghwy,164500.0,123653.75044858122
Breandrum,63000.0,21556.12828563299
Breanrisk,156112.5,5497.755223725407
Bredagh,139772.72727272726,132346.39466875623
Bree,168000.0,63906.181234681826
Breedoge,40000.0,
Brewsterfield,148000.0,
Bricklieve,94000.0,
Bridgetown,123428.57142857143,73116.58987046452
Brinny,95000.0,
Brisha,107000.0,
Broadford,87800.0,27833.43313355361
Brockagh,540833.3333333334,411174.1318063026
Brosna,135000.0,
Browningstown,489694.44444444444,496457.24710453604
Bruce Hall,175000.0,
Bruff,123500.0,87203.27840572213
Bruree,74250.0,42736.10885422303
Buckill,92500.0,81317.27983645296
Bulgaden,118200.0,79082.70986758104
Bullaun,154437.5,109230.2409395598
Bumlin,65000.0,
Buncrana Rural,115897.2972972973,49317.91699714149
Buncrana Urban,107558.33333333333,67073.73075312613
Bundoran Rural,112875.0,48860.984776540616
Bundoran Urban,66899.11392405063,31038.48265645503
Bunowen,165833.33333333334,55715.0488348226
Burgage,245420.0,62012.04184134993
Burgesbeg,155000.0,0.0
Burnchurch,316600.0,204840.28621621983
Burncourt,86750.0,64374.55501464328
Burren,160000.0,21213.203435596424
Burriscarra,97500.0,
Burry,200000.0,
Burt,140300.0,65986.36222735725
Burtonhall,220000.0,
Burtown,135000.0,
Butler's Bridge,119250.0,69514.38700010236
Butlerstown,78500.0,
Buttevant,78333.33333333333,28359.595671776893
Cabinteely-Granitefield,386701.6129032258,123834.77600137948
Cabinteely-Kilbogget,389616.6666666667,172366.52423878867
Cabinteely-Loughlinstown,361980.5573770492,337386.12770699017
Cabinteely-Pottery,393338.9830508475,111728.67538101511
Cabra East A,284757.4197530864,92609.30954429795
Cabra East B,163818.29268292684,64980.50838145385
Cabra East C,293580.06451612903,136005.31179257558
Cabra West A,165441.17647058822,56946.76306454488
Cabra West B,156462.96296296295,50386.7591592821
Cabra West C,141613.63636363635,47710.16958034504
Cabra West D,307250.0,74377.50929473835
Cadamstown,205692.3076923077,77691.03832423297
Caddagh,22000.0,
Caher,128500.0,75206.62894344512
Caheragh,270000.0,
Caherbarnagh,70000.0,
Caherconlish East,235000.0,
Caherconlish West,87409.09090909091,56679.28112715359
Caherdaniel,175333.33333333334,69572.50414735216
Caherduggan,87500.0,3535.5339059327375
Caherlag,247019.38202247192,123765.383901035
Cahermore,193166.66666666666,73181.85111988719
Cahore,205000.0,57662.81297335398
Calary,567500.0,45961.94077712559
Caldragh,136375.0,62598.351187779466
Callan Rural,107847.82608695653,46464.74820858234
Callow,140000.0,14142.13562373095
Calry,266600.0,119723.9417252131
Caltra,85000.0,34641.016151377546
Candroma,160000.0,
Cangort,134100.0,60241.5969243844
Cannaway,205000.0,
Cape Clear,150000.0,
Cappagh,193200.0,229956.78337944768
Cappalusk,125500.0,105358.91039679557
Cappamore,63125.0,45501.76605677756
Cappancur,128300.0,74966.3257736432
Cappard,120000.0,63639.61030678928
Cappoquin,71500.0,47739.52764743279
Caragh,258071.42857142858,129159.32851659282
Caraun,77500.0,31819.80515339464
Carbury,290111.1111111111,231846.09358604928
Cardtown,75000.0,
Carlingford,159312.5,58166.51743056309
Carlow Rural,142119.5652173913,59156.589262229245
Carlow Urban,126179.16666666667,137886.19724305806
Carn,132500.0,47169.905660283024
Carna,130409.28888888888,41139.19007501585
Carnagarve,71000.0,57170.79674099356
Carnagh,116000.0,59732.73809227232
Carnalway,235588.23529411765,248035.67254115114
Carndonagh,69500.0,37018.01363300486
Carnew,95875.0,44719.3902422245
Carney,450000.0,
Carnmore,215109.5,82734.8444059975
Carrafin,265000.0,169705.6274847714
Carran,117000.0,
Carrick,193256.42857142858,120950.44360952405
Carrick-on Shannon,80690.78947368421,76987.83323959347
Carrick-on-Suir Rural,80000.0,0.0
Carrick-on-Suir Urban,102703.70370370371,52458.83548065114
Carrickart,128916.66666666667,60460.24864873338
Carrickatee,138000.0,8485.28137423857
Carrickbanagher,165000.0,
Carrickbeg Urban,126425.0,68396.68062890648
Carrickbyrne,70333.33333333333,23028.967265887833
Carrickleck,50000.0,
Carrickmacross Rural,126751.85185185185,45560.537667948905
Carrickmacross Urban,104970.58823529411,44582.95308615561
Carricknaboy,299000.0,
Carrig,147750.0,93899.81363133795
Carrigaline,224641.42857142858,91357.28934554348
Carrigallen East,71000.0,69782.99697395253
Carrigallen West,69777.0,37499.998755555534
Carrigatogher,66000.0,0.0
Carrigboy,126666.66666666667,112509.25887825113
Carrigeen,29500.0,28991.378028648447
Carriglea,215436.0,196830.02941624532
Carrignavar,301000.0,89334.57710576945
Carrigrohane Beg,240100.0,137496.54541114843
Carrigtohill,199036.86597938143,88818.01324098396
Carrowbrowne,221500.0,92352.5852372309
Carrowduff,62750.0,24395.18395093589
Carrowkeel,68666.66666666667,31758.20104057113
Carrowmore,135000.0,21213.203435596424
Carrownaskeagh,70000.0,
Carthage,70800.0,13516.656391282573
Cashel,145000.0,
Cashel East,180400.0,
Cashel Rural,109281.81818181818,62280.79089169533
Cashel West,51337.5,23586.48536061841
Castle,239083.33333333334,127070.10114917123
Castle A,202166.66666666666,174029.6909533926
Castle B,217166.66666666666,166582.91228894598
Castle C,251221.0,107051.79110598758
Castle D,278031.25,146769.37336628966
Castle Ellis,126666.66666666667,51049.58967573203
Castle Hyde,134375.0,56794.03577841603
Castle Talbot,123131.57894736843,45334.20406800513
Castlebanny,99000.0,0.0
Castlebar Rural,113070.68965517242,45506.18237782369
Castlebar Urban,108492.72727272728,57518.525532747095
Castlebellingham,170083.33333333334,219951.01038571514
Castleblakeney,175000.0,14142.13562373095
Castleblaney Rural,108407.69230769231,43580.70026855278
Castleblaney Urban,97333.33333333333,48363.209157374986
Castleboy,94000.0,65053.82386916237
Castlecary,120050.0,127208.5099354599
Castlecomer,73790.47619047618,46031.583527265815
Castleconnell,173673.07692307694,109392.04196902919
Castleconor West,86666.66666666667,10103.629710818454
Castlecor,402700.0,
Castlecove,165500.0,78734.25768579604
Castlecuffe,142500.0,152027.9579551077
Castledaly,225000.0,
Castledermot,102250.0,38954.8106493572
Castleffrench,27000.0,
Castlefinn,67800.0,76948.10661160618
Castleforward,79428.57142857143,36646.31469810274
Castlegar,115000.0,
Castlegregory,187354.11111111112,98489.37469144126
Castlehaven North,195200.0,97237.8527117912
Castlehaven South,236000.0,76367.53236814713
Castleisland,95230.43478260869,62265.475876813216
Castlekeeran,232500.0,236880.77169749342
Castleknock-Knockmaroon,352161.91066997516,173912.3136965737
Castleknock-Park,597338.3983050848,285122.7574790619
Castlelost,101438.09523809524,28015.89684786971
Castlelyons,230000.0,339305.17237436865
Castlemagner,130400.0,
Castlemartyr,156357.14285714287,51748.36091262077
Castleplunket,80000.0,
Castlequin,115000.0,35355.33905932738
Castlerahan,90650.0,22132.44225113894
Castlereagh,57093.75,34221.62999737768
Castlerichard,56255.0,
Castlerickard,151563.04347826086,49924.17481767022
Castlering,189166.66666666666,33631.58237926567
Castlesaunderson,140000.0,
Castleshane,130000.0,35468.2957019364
Castletaylor,158000.0,44757.68090506925
Castleteheen,92500.0,10606.601717798212
Castletown,156944.34782608695,92932.96462509771
Castletownroche,170250.0,87864.95319523023
Castleventry,60000.0,
Castlewray,142324.68085106384,99449.24781342893
Causeway,105250.0,59750.52301026326
Cavan Rural,130255.5425531915,81410.39306146912
Cavan Urban,58913.194444444445,38844.946372287406
Cavangarden,120333.33333333333,43247.350593225165
Ceanannas MÃÂÃÂ³r Rural,134166.70454545456,60959.80900808749
Celbridge,250767.702811245,76858.43204706887
Centre A,72090.90909090909,56012.88890017835
Centre B,82828.57142857143,33954.95615693014
Chapelizod,245166.9516129032,124432.14464174907
Cherry Orchard A,118272.72727272728,33097.102317547105
Cherry Orchard C,148404.54545454544,52669.96513453115
Church Hill,35000.0,15000.0
Churchfield,110666.66666666667,29852.41475436563
Churchtown,108102.63157894737,48972.55601548747
Churchtown Nutgrove,284930.92307692306,94676.05458422216
Churchtown-Castle,353603.5714285714,103373.66769133073
Churchtown-Landscape,471354.1666666667,146181.87593354133
Churchtown-Orwell,463159.72222222225,184029.91946941844
Churchtown-Woodlawn,548321.4285714285,256184.55815316903
Cill AinnÃÂÃÂ­n,126000.0,70057.11955254797
City Hall A,127500.0,
City Hall B,232666.66666666666,109701.86871699133
Claddagh,273857.14285714284,163334.88823360956
Clane,198626.2626262626,85136.81496520831
Clara,109835.0,116880.11510814108
Clareabbey,130760.0,61359.955725755426
Claregalway,170550.0,84204.93484726165
Claremorris,108815.78947368421,51098.26530252719
Claretuam,104892.85714285714,66802.54753482727
Clarina,247916.66666666666,110370.00443412096
Clarinbridge,235735.44,107351.59381632155
Clashmore,112500.0,
Cleaboy,120458.33333333333,38617.104980843
Cleggan,141500.0,10606.601717798212
Clenagh,107087.52666666667,53824.784097198404
Clenor,155000.0,
Clifden,106584.70588235294,77606.58462057577
Cliff,145000.0,
Cliffony North,185000.0,88111.29326028531
Cliffony South,81750.0,33984.064893221155
Clogh,45100.0,19046.97542202627
Cloghan,112738.625,57494.93238026038
Cloghane,92500.0,
Cloghard,135333.33333333334,54638.20397243428
Cloghaun,121500.0,82585.30942808976
Cloghbrack,180000.0,14142.13562373095
Cloghdonnell,150000.0,113137.0849898476
Clogheen,62500.0,41144.345211184766
Clogher,177535.7142857143,85211.3851473508
Cloghera,187125.0,69959.9587859608
Clogherbrien,304000.0,116425.9421263148
Cloghjordan,72071.42857142857,44490.64601034224
Cloghprior,2010000.0,0.0
Clogrenan,75000.0,
Clonakilty Rural,283607.14285714284,131977.00536477915
Clonakilty Urban,166929.05128205128,91079.74846880174
Clonarney,125000.0,77781.74593052022
Clonaslee,95000.0,56789.08345800274
Clonbeg,260000.0,0.0
Clonbern,18000.0,
Clonbrock,40250.0,13788.582233137677
Clonbullogue,147500.0,137885.82233137678
Cloncagh,58000.0,
Cloncurry,246667.55555555556,108096.3975985221
Clondagad,103750.0,46999.11346681623
Clondalkin-Ballymount,226666.66666666666,74077.82265647262
Clondalkin-Cappaghmore,256233.33333333334,45823.366881766255
Clondalkin-Dunawley,163780.28155339806,49142.01457209771
Clondalkin-Monastery,198281.94247787612,74687.69985765923
Clondalkin-Moorfield,177596.15384615384,42466.138582328334
Clondalkin-Rowlagh,147197.5,42777.8363512548
Clondalkin-Village,183719.70238095237,57202.868886909215
Clondarrig,105500.0,6363.961030678927
Clondrohid,128333.33333333333,66017.67440112786
Clonea,198979.16666666666,107946.49229722736
Cloneen,350250.0,0.0
Clonegall,169437.5,60400.70807295462
Clonervy,85000.0,27838.82181415011
Clones Rural,99644.44444444444,71886.89225288416
Clones Urban,38000.0,10313.825672368135
Clonfad,162666.66666666666,99077.41081262335
Clonfert West,40000.0,
Clongeen,124875.0,34868.887073066806
Clonin,85000.0,46669.04755831214
Clonkeen,165650.0,58614.58388869143
Clonleigh,83833.33333333333,42827.17206011467
Clonleigh North,74016.4,78531.65059261139
Clonleigh South,96450.0,71149.12658835464
Clonmacduff,260000.0,113137.0849898476
Clonmel East Urban,138947.54098360657,79622.47410331467
Clonmel Rural,169408.97435897434,104981.65323435095
Clonmel West Urban,91625.0,45033.28600867914
Clonmethan,325961.53846153844,311577.0678833236
Clonmore,104700.0,72408.21776566525
Clonmoyle,147500.0,137885.82233137678
Clonoulty West,103125.0,46727.744893768875
Clonpriest,97769.16666666667,72740.85950765062
Clonroche,137600.0,48613.784053496594
Clonskeagh-Belfield,410368.4210526316,150590.7664744702
Clonskeagh-Farranboley,346063.3333333333,197484.2204064006
Clonskeagh-Milltown,685426.8292682926,477231.82994451985
Clonskeagh-Roebuck,579654.8387096775,378036.11365292396
Clonskeagh-Windy Arbour,410323.71794871794,143730.89432025823
Clontarf East A,350912.1621621622,99720.47776496042
Clontarf East B,474010.05988023954,266345.5611471073
Clontarf East C,573069.4444444445,257028.9262072125
Clontarf East D,593062.0689655172,186529.7839230538
Clontarf East E,428821.4285714286,170681.55420036125
Clontarf West A,320902.875,109589.55070734664
Clontarf West B,235104.38596491228,79458.47763404355
Clontarf West C,450962.5909090909,205370.6575774999
Clontarf West D,259269.23076923078,88778.82792908193
Clontarf West E,312083.3333333333,91309.38233219407
Clontibret,186875.0,142264.0590592016
Clonygowan,157000.0,
Cloonadrum,47500.0,707.1067811865476
Cloonanaha,85500.0,41719.300090006305
Cloonbur,212000.0,51884.48708429139
Cloonclare,20000.0,
Clooncoorha,55000.0,
Cloondara,115500.0,6363.961030678927
Cloonee,70000.0,
Clooney,323000.0,
Cloonfinlough,40250.0,13788.582233137677
Cloonfower,58000.0,
Cloonkeen,109438.88888888889,52878.95243961544
Cloonmore,15000.0,
Cloonteem,110000.0,
Cloontubbrid,205000.0,
Cloontuskert,69833.33333333333,24902.161493710213
Cloonusker,57000.0,0.0
Cloonygormican,95000.0,
Cloverhill,65750.0,60851.59543238506
Cloyne,163861.48648648648,90241.76528194248
Clydagh,65000.0,
Cobh Rural,181499.79207920792,75656.2065819212
Cobh Urban,149412.8151260504,109512.97659669028
Colligan,134333.33333333334,123313.96244275558
Collinstown,109200.0,43447.66967283746
Collon,140178.57142857142,83027.70787348808
Collooney,123060.60606060606,73841.44305280884
Colman,65000.0,0.0
Colmanswell,632000.0,
Columbkille,93500.0,52754.14675643992
Comeragh,206333.33333333334,123086.69031756981
Commons,67867.64705882352,43411.58008187436
Cong,208750.0,196611.9274103176
Convoy,68392.85714285714,44789.756113951466
Coolaghmore,48250.0,12871.480101371404
Coolamber,81000.0,68505.4742338158
Coolaney,102000.0,30526.627720729324
Coolavin,108750.0,121975.91975467945
Coolballintaggart,85000.0,63639.61030678928
Coolboy,80000.0,
Coolclogh,203500.0,94045.20189781082
Coolcraheen,162388.88888888888,54562.58024872626
Coole,116500.0,92557.46655664586
Coolgreany,147900.0,68778.12152130938
Coolies,212500.0,69940.45086119096
Coolmain,21000.0,
Coolnaha,51000.0,14933.18452306808
Cooloo,80000.0,
Coolougher,88166.66666666667,61197.085987270126
Coolraine,183430.4347826087,56935.66891902577
Coolreagh,42000.0,
Coolrus,132300.0,38829.112789246166
Coolure,154500.0,142128.46301849606
Coom,174000.0,
Coomlogane,154333.33333333334,65622.65868839309
Coonard,25000.0,
Cooraclare,95000.0,
Cootehill Rural,67750.0,2872.281323269014
Cootehill Urban,61750.0,49223.13141874119
Copperalley,90000.0,56568.5424949238
Corboy,195000.0,
Corkbeg,149352.0,67116.54527688952
Corkermore,130000.0,
Cormeen,29375.0,15026.019100214135
Corr,91000.0,51797.68334587948
Corrala,97000.0,
Corraneary,76658.33333333333,37110.65098683485
Corravaddy,129750.0,44537.45614648416
Corrofin,136593.75,58002.36166168869
Course,209759.0,134009.46295691212
Courtmacsherry,165784.78260869565,52100.59639072066
Courtown,155240.0606060606,90252.28194990696
Cranemore,359166.6666666667,464191.9502389789
Cranford,96166.66666666667,59988.19328278968
Crannagh,173333.33333333334,37527.76749732567
Cratloe,237718.75,85907.30833287702
Craughwell,135555.55555555556,71269.49051156307
Crean,205000.0,
Crecora,266500.0,259508.18869546294
Creegh,132000.0,
Creenasmear,66250.0,5303.300858899106
Creeslough,93776.33333333333,25113.64889192064
Creeve,65600.0,23543.576618687315
Creevy,33000.0,15716.23364550171
Creggan Upper,40000.0,
Cremartin,160000.0,
Crinny,170000.0,
Croagh,180600.0,93990.95701183174
Croaghpatrick,449500.0,342316.7392927199
Croghan,144333.33333333334,60302.01765557545
Crohane,40000.0,0.0
Cronebane,186000.0,58245.17147369386
Crookhaven,229250.0,57696.764785095766
Croom,190785.7142857143,113420.99201017167
Cross Roads,93785.71428571429,45874.69994711786
Crossalare,567500.0,
Crossbane,109666.66666666667,88636.14762988442
Crossdoney,86000.0,59149.52803418355
Crosskeys,126666.66666666667,80363.75634160795
Crossmolina North,57569.875,61650.747210018235
Crossmolina South,84999.75,28717.3234636633
Crossna,72813.33333333333,13802.337966204615
Crowkeeragh,58000.0,
Crownarad,136666.66666666666,10112.698288126006
Cruicetown,200000.0,
Crumlin A,170191.4606741573,54145.37041719184
Crumlin B,195893.44827586206,71707.73709879997
Crumlin C,187419.14705882352,72075.13508879901
Crumlin D,207455.45360824742,67856.8414058875
Crumlin E,163166.66666666666,48486.905448791025
Crumlin F,185378.8904109589,55273.38243915963
Crumpaun,85000.0,
Crusheen,97583.33333333333,47032.34702485797
Cuffsborough,500000.0,
Cuildoo,117500.0,
Cuilmore,58750.0,32704.484911604
Culdaff,149666.66666666666,107222.51007445529
Cullahill,235000.0,
Cullen,260166.66666666666,66030.9270973332
Cullenwaine,84166.66666666667,62474.66153036232
Culliagh,65000.0,
Culmullin,135613.5,36222.95907984327
Culnacleha,37500.0,14849.242404917499
Cummer,255000.0,
Curraghbeg,90000.0,49497.474683058324
Curraglass,75000.0,
Currin,115000.0,
Curryglass,162500.0,
Custom House,50700.0,2869.3785622209793
Custom House A,44250.0,14091.66420264122
Custom House B,70000.0,
Daingean,88354.16666666667,44333.58702390093
Dalgan,110721.42857142857,38793.8124054904
Dalkey Hill,812211.5769230769,659475.4249285214
Dalkey Upper,653844.8275862068,265701.2320340903
Dalkey-Avondale,530507.1052631579,119512.14658532727
Dalkey-Bullock,793013.85,413366.2503660805
Dalkey-Coliemore,813754.5757575758,612559.7246802261
Danesfort,201900.0,103041.58588187891
Dangan,208449.1379310345,100831.16468409817
Darragh,65650.0,30390.623553984544
Darrynane,180000.0,56568.5424949238
Darver,169500.0,34648.23227814083
Dawros,194176.92307692306,109300.22990099453
Dawsongrove,66000.0,15099.6688705415
Decies,134894.44444444444,39305.710639662655
Deelis,233166.66666666666,167302.3709734364
Deerpark,148714.2857142857,104057.21869195218
Delgany,392209.3611111111,191711.66956853788
Delvin,101437.5,29368.846873288483
Denn,115000.0,106066.01717798212
Derrew,75500.0,
Derrin,99200.0,50628.8455329568
Derrinboy,55000.0,
Derry,201700.0,93069.59761382877
Derryad,50000.0,
Derrycastle,575000.0,199047.732968753
Derryglassaun,97166.66666666667,54832.32015274689
Derrylahan,110000.0,
Derrylea,60306.78571428572,31545.781603101063
Derryloughan,195000.0,98361.57786453002
Derrymore,49000.0,
Derryvillane,92500.0,102530.48327204939
Desertegny,125000.0,
Dingle,149250.0,49489.21793994822
Dock A,55323.42105263158,36649.61902212043
Dock B,83676.45454545454,31247.75189149977
Dock C,127201.22222222222,68903.20865855555
Dock D,114860.0,30544.688572647126
Donadea,306000.0,54249.42396007537
Donaghcumper,338220.71428571426,342673.82434435625
Donaghmore,209288.65294117646,91690.43227149315
Donaghmoyne,237000.0,
Donaghpatrick,303250.0,178998.07959863704
Donegal,116818.18181818182,35187.54945095831
Doneraile,80558.82352941176,59047.619118211805
Donore Electoral Division,165000.0,
Doocharry,145000.0,
Dooish,98562.5,28227.946512024468
Doon,252500.0,
Doon South,124333.33333333333,63076.67292007931
Doon West,80000.0,
Doonane,100000.0,2828.42712474619
Doonasleen,31000.0,
Doonbally,118750.0,25940.637360455636
Doonbeg,113800.0,52095.63854638462
Doonloughan,97500.0,
Doora,161065.21739130435,61544.94003790055
Doorus,213500.0,65987.21467072237
Douglas,272968.135770235,135760.710467426
Downings,212318.18181818182,108896.34353991706
Drehid,77250.0,49143.92129246506
Drinagh,159625.0,86390.19796451344
Dripsey,173818.18181818182,109598.41986253104
Drishane,124333.33333333333,54701.35368743716
Droighead Nua Rural,273230.76923076925,111717.34250054741
Droighead Nua Urban,161864.7232142857,85807.93092781042
Drom,188333.33333333334,14375.905768565217
Dromana,120875.0,62882.74471851029
Dromard,350666.6666666667,202873.03090028174
Dromcolliher,56250.0,16007.810593582122
Dromdaleague North,261000.0,
Dromdaleague South,99000.0,39153.54390090379
Dromin,128071.42857142857,95829.89641870144
Dromina,30000.0,
Dromiskin,196812.5,86771.43107037016
Drommartin,23000.0,
Dromore,150121.42857142858,96142.99672938128
Dromoyle,150000.0,
Dromtrasna,50000.0,24748.737341529162
Drumacoo,193710.0,94019.95591953397
Drumahaire,115772.72727272728,159600.82104400994
Drumboory,164500.0,91216.77477306464
Drumcannon,230000.0,83964.27811873333
Drumcar,233750.0,137318.06144859458
Drumcarban,27000.0,
Drumcarn,55000.0,
Drumcarrow,124250.0,50558.13485483815
Drumcliff West,244077.27272727274,142964.53666762516
Drumcolumb,94000.0,93338.09511662427
Drumcondra,174400.0,91924.31669585584
Drumcondra South A,336029.3333333333,182575.54388972314
Drumcondra South B,262351.85185185185,92252.03925355118
Drumcondra South C,325098.5714285714,161758.93900771326
Drumcreehy,221666.66666666666,141539.15830374762
Drumcullen,185000.0,56568.5424949238
Drumellihy,79100.0,54471.78168556633
Drumfin,113750.0,56707.58326714338
Drumfinn,138833.63636363635,39768.19180104345
Drumgort,76250.0,29261.749776799064
Drumgurra,135000.0,
Drumhillagh,82000.0,
Drumkeeran,50000.0,
Drumline,193750.0,113183.11122542387
Drumlish,91968.95454545454,46087.17065825965
Drummaan,125500.0,103690.47345689133
Drummeel,105500.0,707.1067811865476
Drummin,265000.0,
Drummullagh,125583.33333333333,54046.66193824247
Drumnsa,102966.66666666667,56509.320765103286
Drumod,106269.23076923077,45860.12037735664
Drumrat,71000.0,36769.55262170047
Drumreilly North,90000.0,
Drumshanbo,53953.6,53283.17825689037
Drumwood,152000.0,61487.803668695145
Drung,145000.0,
Duagh,130000.0,50744.4578254611
Dubber,179708.97435897434,52137.7197932185
Duleek,186319.25454545455,105930.13828920947
Dun Laoghaire Sallynoggin West,337180.35714285716,142850.07573293324
Dun Laoghaire-East Central,382163.32352941175,218006.6812188173
Dun Laoghaire-Glasthule,534901.24,326312.30357972893
Dun Laoghaire-Glenageary,644865.3846153846,284063.6392674116
Dun Laoghaire-Monkstown Farm,307702.22222222225,119241.08216872101
Dun Laoghaire-Mount Town,356275.0,227504.52193308156
Dun Laoghaire-Sallynoggin East,387420.45454545453,193184.87178907325
Dun Laoghaire-Sallynoggin South,288999.95454545453,107916.65170088981
Dun Laoghaire-Salthill,859500.0,747210.1247896976
Dun Laoghaire-West Central,379296.6923076923,185746.93056600512
Dunaff,59800.0,49524.741291600905
Dunamon,54000.0,16522.711641858306
Dunbell,220000.0,0.0
Dunboyne,288068.75,127079.40194132528
Duncormick,136050.0,64372.37589042196
Dundalk No. 1 Urban,111943.54838709677,80819.9570464452
Dundalk No. 2 Urban,82810.71428571429,30408.147811017745
Dundalk No. 3 Urban,77368.75,27668.193983947225
Dundalk No. 4 Urban,109992.52777777778,60750.93718907824
Dundalk Rural,137655.8620689655,83850.11760895983
Dunderrow,244966.66666666666,175099.6111061467
Dundrum-Balally,372355.97478991596,141684.36036016417
Dundrum-Kilmacud,457294.7543859649,285707.5283970031
Dundrum-Sandyford,295915.5836734694,76744.26990005827
Dundrum-Sweetmount,520143.22857142857,369383.5304843245
Dundrum-Taney,450661.80555555556,130764.3422487044
Dunfanaghy,140095.82352941178,94562.08526163861
Dunfierth,119375.0,123901.4225099938
Dunganstown East,335540.0,127079.53415086161
Dunganstown South,200178.0,76041.80878525531
Dunganstown West,271875.0,102416.12421879673
Dungarvan No 1 Urban,110688.88888888889,70705.07639683894
Dungarvan No 2 Urban,175339.59615384616,82672.52956192307
Dungarvan Rural,150769.23076923078,53094.497276324604
Dunglow,77095.45454545454,47406.43655952984
Dunkerrin,580000.0,
Dunkineely,180200.0,95813.36023749506
Dunkitt,155625.0,64907.67043900268
Dunlavin,124166.66666666667,60656.958930255205
Dunleer,118892.85714285714,68730.85147919343
Dunloe,158000.0,130688.56109086212
Dunmakeever,65000.0,
Dunmanoge,50000.0,
Dunmanus,126950.0,15485.63850798539
Dunmanway North,121495.83333333333,62742.73032259063
Dunmanway South,121316.23076923077,51143.272852112634
Dunmore,153000.0,
Dunmore South,79884.61538461539,34402.127990233545
Dunmoylan West,60000.0,
Dunmurry,265125.0,191634.363219822
Dunnaman,150000.0,
Dunquin,253666.66666666666,119039.20922676416
Dunshaughlin,244727.77777777778,84569.40375328429
Duntryleague,90000.0,113137.0849898476
Dunurlin,197500.0,38890.87296526011
Durrow,199950.0,193435.3007809983
Durrus West,115000.0,
Dysart,116250.0,72478.44507162111
Dysartmoon,112333.33333333333,61705.618328749726
Dysert,100000.0,
DÃÂÃÂºn Laoghaire-Sandycove,768158.5818181818,570839.394487422
Eanymore,67111.66666666667,16920.84242386688
Easky East,76000.0,
Easky West,96731.25,49705.55399765992
Edenacarnan,98138.88888888889,54189.97236182322
Edenderry Rural,170400.0,149267.54503240148
Edenderry Urban,109944.86111111111,48517.80448549907
Edenmore,192317.9411764706,51931.70198819191
Edermine,201700.0,
Edgeworthstown,64490.19607843137,38804.83091009139
Edmondstown,304239.1304347826,104589.62553628812
Edmonstown,55000.0,
Einach,8000.0,
Elphin,41633.333333333336,26655.518503054234
Emlagh,140611.11111111112,74305.52104330026
Emly,32900.0,13418.064109417739
Emlygrennan,89666.66666666667,63553.7829978148
Emo,199866.66666666666,65292.061794167086
Emyvale,180000.0,110000.0
Enagh,149500.0,135057.39520663058
Ennis No. 2 Urban,70130.95238095238,35930.498547892654
Ennis Rural,141519.73913043478,114139.44604151673
Enniscoffey,187000.0,
Enniscorthy Rural,97077.27551020408,65415.6738268524
Enniskeen,145000.0,
Enniskerry,447666.2619047619,268169.50690962095
Ennismore,154500.0,
Ennisnag,188000.0,0.0
Ennistimon,116420.25,52937.87740397664
Errill,98500.0,28359.301824974464
Esker,115000.0,
Eskey,80000.0,
Esternow,14000.0,
Evergreen,128428.57142857143,44224.4524873084
Eyre Square,238956.52173913043,98559.04010973209
Eyrecourt,35000.0,
Fahan,177846.15384615384,89240.40205520343
Fahymore,203333.33333333334,32532.03549323856
Fair Gate,103546.18589743589,51931.29892560655
Fair Hill A,90071.42857142857,21012.75123075782
Fair Hill B,140187.5,48119.59617156285
Fair Hill C,90500.0,28242.57171616737
Fairymount,61416.666666666664,31092.84727256659
Faithlegg,123136.36363636363,48086.42787164113
Farahy,107500.0,53033.00858899106
Farranferris A,83423.07692307692,35309.84645124157
Farranferris B,152895.0,73263.74899407392
Farranferris C,110400.0,36411.536633325435
Farranshone,204607.14285714287,104408.07119025967
Farranshoneen,178852.16666666666,78623.02955516647
Faughalstown,52750.0,3889.0872965260114
Faughart,235000.0,
Fedamore,64166.666666666664,11814.53906563152
Feenagh,25000.0,
Feighcullen,140666.66666666666,52166.400425305685
Fennagh,111583.33333333333,25318.800656165895
Fenoagh,89000.0,111722.87142747451
Ferbane,125400.0,70200.42734912659
Fermoy Rural,129505.06578947368,68162.36657419997
Ferns,94181.81818181818,38995.046305442906
Ferrybank,88884.61538461539,51206.751608126935
Fethard,149011.33333333334,87607.52861212219
Fews,107000.0,
Fiddown,141750.0,34780.38240157805
Figart,64955.23809523809,32290.827469894237
Finglas North A,114880.0,41493.40363786206
Finglas North B,123147.43589743589,49296.683656896756
Finglas North C,192351.76470588235,58385.63324541223
Finglas South A,103127.67857142857,33100.64119077241
Finglas South B,131461.11111111112,55645.205635853396
Finglas South C,115916.66666666667,44251.472937551545
Finglas South D,121214.28571428571,50422.111079508424
Finnea,115000.0,
Finnoe,190000.0,0.0
Firhouse Village,290123.3333333333,68923.3171913618
Firhouse-Ballycullen,341642.40506329114,92218.34739043834
Firhouse-Knocklyon,371870.3703703704,91326.92675141078
Firmount,320000.0,56568.5424949238
Flesk,153500.0,37476.65940288702
Foilnaman,164000.0,57431.69856446874
Fontstown,227500.0,45961.94077712559
Ford,131966.66666666666,28318.637645466602
Fore East,68500.0,47214.93407810711
Fore West,416666.6666666667,462853.46853332897
Forgney,50000.0,
Forth,133000.0,
Fortland,180000.0,
Fossy,234000.0,
Foxhall,84409.09090909091,45620.61934137796
Foxrock-Beechpark,564241.9354838709,102868.75707811241
Foxrock-Carrickmines,689131.6428571428,438718.5809195773
Foxrock-Deansgrange,573225.3055555555,198510.3400594134
Foxrock-Torquay,766500.0,513864.9050334143
FoxÃÂ¢ÃÂÃÂs Castle,35800.0,
Frenchpark,89615.38461538461,46237.229699198135
Freshford,98750.0,24320.305769608916
Fuerty,109550.0,54980.02162402064
Furbo,190000.0,86746.75786448736
Gaile,142500.0,35757.11717366808
Galbally,40000.0,
Gallow,360000.0,210802.03983832794
Galmoy,73333.33333333333,42720.01872658766
Galtrim,270875.0,106204.50006159501
Galvone A,79285.71428571429,32166.049833710727
Garadice,83500.0,23334.52377915607
Gardenmorris,50000.0,
Garranes,214000.0,41012.193308819755
Garrangibbon,25000.0,0.0
Garristown,318090.9090909091,184532.76378218288
Garrown,148750.0,27801.37886268713
Garrymore,97625.0,24571.96064623253
Garryvoe,117625.0,60280.85309615318
Gartan,190000.0,14142.13562373095
Garvagh/Arigna,50000.0,
Gaybrook,148000.0,
Geashill,113777.77777777778,55919.08837279489
Georgestown,53000.0,
Gillabbey A,80000.0,0.0
Gillabbey B,165444.44444444444,81297.46476845253
Gillabbey C,207705.5,220897.66879774394
Gilltown,157500.0,152027.9579551077
Girley,142500.0,159099.02576697318
Glanbehy,205666.66666666666,119804.70218929918
Glanlee,100000.0,
Glanlough,228333.33333333334,109125.31023247234
Glanmore,159092.5,55285.14368707022
Glanworth West,92807.14285714286,65818.43866373516
Glashare,29250.0,9037.42219883524
Glasheen A,349500.0,149199.53083036153
Glasheen B,294500.0,102053.20741092434
Glasheen C,189310.52631578947,65874.70341267277
Glaslough,176100.0,65708.06647589015
Glassan,347428.5714285714,103768.74472090516
Glen,390000.0,197989.8987322333
Glenade,207000.0,
Glenagarriff,186000.0,109510.27349066388
Glenalla,112000.0,62764.10863967825
Glenaniff,74000.0,
Glenboy,165000.0,
Glenbrohane,50000.0,
Glencar,200000.0,
Glencolumbkille,60966.666666666664,28562.271151526682
Glencullen,386605.78014184395,133661.27699618324
Glendarragh,78325.0,
Glenealy,253026.60416666666,172035.78127049797
Gleneely,98750.0,35420.68604643337
Glenfarn,30000.0,21213.203435596424
Glengar,23000.0,
Glengesh,110000.0,
Glengort,71500.0,53978.39073802281
Glenlara,190000.0,
Glenlough,164400.0,150889.3855334651
Glenmore,75000.0,
Glennagannon,83000.0,
Glennamaddy,114500.0,20506.096654409877
Glenstal,132125.0,44351.57832591756
Glenties,130000.0,42426.40687119285
Glentogher,68250.0,26790.17049766794
Glentworth A,105916.66666666667,66272.4804626073
Glentworth B,82937.5,16160.882003865296
Glentworth C,36100.0,14423.938435808717
Glenville,206750.0,67892.37807000134
Glin,164051.72413793104,154234.41949719092
Glore,51000.0,
Glynn,144607.14285714287,53711.392557596104
Goland,54676.5,34897.84097189968
Golden,60100.0,38882.15814769317
Goleen,247625.0,97097.79679713203
Goresbridge,101800.0,40283.8677388356
Gorey Rural,150353.73109243697,55135.112138303906
Gorey Urban,136214.8,54014.63698880385
Gort,99141.66666666667,43549.69829131274
Gortahork,104500.0,91638.78363807907
Gorteen,150000.0,0.0
Gortkelly,83500.0,47920.07234273894
Gortmore,20000.0,
Gortnagullion,36400.0,13776.792079435618
Gortnapeaky,50000.0,
Gortnascreeny,119000.0,41012.193308819755
Gortnavern,119850.0,27256.03908616706
Gortroe,170000.0,
Gorumna,57500.0,10606.601717798212
Gowel,15000.0,
Gowlane,191769.3076923077,85445.72553906623
Gowran,190076.92307692306,88678.19841705133
Grace Park,309324.1666666667,126390.1913338036
Gracedieu,119200.0,78941.11729637477
Graddum,120000.0,
Graignagower,133666.66666666666,50003.33322222963
Graigue,163187.5,45855.313993348376
Graigue Urban,75035.0,33100.36966896627
Graiguenamanagh,129863.54545454546,74792.1903401731
Grallagh,186000.0,
Granard Rural,40000.0,7071.067811865475
Granard Urban,79558.82352941176,80503.47087877274
Graney,147187.5,68875.63196495135
Grange,184571.42857142858,72385.21290718878
Grange A,267441.2957746479,113492.9138368678
Grange B,229500.0,49351.50887836591
Grange C,219198.35135135136,44763.57591106128
Grange D,292448.97959183675,79932.73506113587
Grange E,250500.0,86707.33626494452
Grange North,109500.0,59556.27590774964
Grange South,176751.61290322582,107580.91178571206
Grange Upper,174591.89361702127,67109.56467703101
Grangeford,148500.0,89802.56121069154
Grantstown,38000.0,
Graystown,101250.0,64951.9052838329
Grean,215400.0,100091.45817700929
Greenane,115266.66666666667,60007.40033727586
Greencastle,145750.0,58588.60810772005
Greenfort,185055.55555555556,66673.85377925726
Greenhall,217500.0,49074.77288111819
Greenmount,217700.0,76682.46214096154
Greenore,125000.0,59979.6261705219
Greethill,213333.33333333334,48045.11768466525
Grennanstown,162300.0,83546.77902656862
Greystones,421567.36879432626,259901.30635994475
Griffinstown,127000.0,22527.760652137622
Gubacreeny,100916.66666666667,53138.683620971424
Gullane,210000.0,
Gurranabraher A,105888.88888888889,41678.664939164155
Gurranabraher B,107666.66666666667,56216.2491337395
Gurranabraher C,132000.0,
Gurranabraher D,65500.0,
Gurranabraher E,98500.0,4949.747468305833
Hacketstown,91544.44444444444,55966.21997042303
Haggardstown,195487.5,102709.66595588376
Hammerlane,141750.0,82377.94000823279
Harmonstown A,244194.44444444444,62273.27766475048
Harmonstown B,295514.66,92518.52932374674
Haroldstown,120000.0,
Harperstown,147500.0,
Harristown,78750.0,15909.90257669732
Hartstown,131500.0,14849.242404917499
Headford,133271.42857142858,66210.01219064769
Heathstown,167500.0,38890.87296526011
Hill of Down,245000.0,
Hollymount,152666.66666666666,66002.52520421725
Hollywood,247250.0,98049.66145332227
Holmpatrick,355781.25,90551.82102899239
Holycross,146333.33333333334,86805.25050451451
Hopestown,373125.0,399162.53477332596
Horetown,182666.66666666666,43085.18693627003
Hospital,114571.42857142857,70931.55654774336
Houndswood,50000.0,
Howth,562161.0738255034,272593.3916237649
Humewood,113333.33333333333,40414.5188432738
Huntingdon,144500.0,62932.50352560273
Huntingtown,223750.0,22980.970388562793
Ightermurragh,139944.44444444444,56431.39662681161
Imphrick,222500.0,38890.87296526011
Inch,137909.0909090909,62883.15282403475
Inchaquire,141000.0,
Inchicore A,157955.88235294117,64059.22466519465
Inchicore B,151460.0,43844.87807410728
Inchigeelagh,96900.0,55095.825613198685
Inishannon,250941.17647058822,135992.52233820545
Inishkeel,143375.0,
Inishkeen,215166.66666666666,66068.77729558291
Inishkenny,225127.27272727274,127701.03860557583
Inishlounaght,213537.38709677418,120034.6072978921
Inistioge,210714.2857142857,100676.2846241074
Innfield,192657.7,59591.41506484329
Inns Quay A,266727.2727272727,80824.30440045978
Inns Quay B,240380.5,88499.94143096243
Inns Quay C,215359.375,65614.02090699314
Inver,146250.0,51214.41854269817
Island,78000.0,58109.809843089315
Islandeady,161666.66666666666,84013.88774085707
Islandikane,246117.64705882352,98027.18523000467
Iveruss,48500.0,
Jamestown,289750.0,275209.4656802342
Jenkinstown,71250.0,58363.08764964376
Jerpointchurch,121250.0,72960.91730882676
John's B,71881.81818181818,24455.748534110266
John's C,75000.0,16504.544828622205
Johnstown,122600.0,68223.62609752384
Julianstown,196856.06703910616,101990.03605467388
Kanturk,100663.79310344828,57856.97713288922
Keadew,45000.0,
Keale,85000.0,
Kealkill,157000.0,
Keeldra,65000.0,
Keereen,38000.0,
Kellistown,147500.0,17677.66952966369
Kells,135000.0,0.0
Kellysgrove,50000.0,
Kenmare,151464.375,108740.6476608135
Kentstown,309844.44444444444,395314.8969843886
Kerryhead,63875.0,10491.067629178644
Keshcarrigan,128000.0,69880.85097745543
Kilalla,90000.0,55827.11408148075
Kilballyowen,117000.0,80743.42078460635
Kilbarron,131375.0,58401.77957171217
Kilbarry,207500.0,258502.51449454026
Kilbarrymeaden,396833.5,490496.63958532887
Kilbeacon,78000.0,46008.69483043395
Kilbeagh,95000.0,91923.88155425117
Kilbeggan,103611.11111111111,36393.09709738743
Kilberrihert,165666.66666666666,35557.46522649405
Kilberry,150000.0,
Kilbixy,43750.0,1767.7669529663688
Kilbonane,215000.0,118790.19787470308
Kilbora,166750.0,46999.11346681623
Kilbrew,212331.25,109743.74854428512
Kilbride,214751.4,170887.6886505676
Kilbride North,108333.33333333333,63705.04951205464
Kilbride South,100000.0,
Kilbrittain,130200.0,51900.867044780665
Kilbrogan,205687.5,83601.01175623813
Kilbryan,250000.0,325269.11934581184
Kilcar,102500.0,68859.76086704533
Kilcash,205500.0,34063.665882187925
Kilcaskan,118750.0,54239.97603244308
Kilcatherine,98750.0,54800.77554195743
Kilchreest,119375.0,101755.73284423177
Kilcloher,115000.0,
Kilclonfert,70000.0,
Kilcock,215848.2142857143,88205.28327006975
Kilcockan,75000.0,
Kilcoe,195000.0,
Kilcogy,150000.0,
Kilcoke,60000.0,
Kilcolagh,56875.0,9722.718241315028
Kilcolman,140666.66666666666,51052.26080530943
Kilcolumb,172500.0,0.0
Kilcomb,170357.14285714287,61180.54857395057
Kilcomenty,277100.0,145157.53893997762
Kilcommock,94888.88888888889,33031.97104489999
Kilcommon,107760.0,67786.29409155414
Kilconickny,206000.0,64093.68143584826
Kilconierin,65000.0,49497.474683058324
Kilconnell,143500.0,157684.8122046001
Kilconny,56500.0,53093.471036151575
Kilcoole,287179.6733668342,145257.34692303877
Kilcooly,200000.0,
Kilcoona,125000.0,
Kilcor,70500.0,25134.63745511361
Kilcormac,63750.0,48618.26931423116
Kilcormick,155000.0,
Kilcornan,313333.3333333333,184142.1552315855
Kilcorney,120500.0,13435.028842544403
Kilcowan,237333.33333333334,67352.30755759845
Kilcroan,80620.0,48339.6524604801
Kilcullen,198186.76470588235,74862.64218785493
Kilculliheen,110000.0,35099.857549568485
Kilcumeragh,166000.0,33941.12549695428
Kilcummer,355000.0,205060.96654409877
Kilcummin,163666.66666666666,48561.98787803756
Kilcumny,50000.0,
Kilcumreragh,156500.0,23334.52377915607
Kildalkey,177076.92307692306,81975.05874600064
Kildangan,200000.0,
Kildare,151216.75925925927,68997.13259420187
Kildellig,75000.0,
Kilderry,94946.65384615384,45617.18017496681
Kildimo,166900.0,70208.97378540723
Kildinan,100000.0,
Kildorrery,135740.9090909091,91106.7418421431
Kilfane,645000.0,0.0
Kilfaughnabeg,298191.0,263817.5398433546
Kilfearagh,80000.0,
Kilfeighny,134333.33333333334,64392.02849214594
Kilfenora,159666.66666666666,86604.46485795829
Kilfergus,75500.0,83208.57327623559
Kilfian South,55000.0,
Kilfinnane,61833.333333333336,33617.95155369623
Kilflyn,100000.0,
Kilfree,55400.0,32144.984056614496
Kilgarrylander,135000.0,
Kilgarvan,100600.0,44925.364031172125
Kilglass,98138.88888888889,40282.75267901504
Kilglass North,96375.0,70700.44958434545
Kilglass South,100666.66666666667,81616.99169494875
Kilgobnet,129500.0,24748.737341529162
Kilgullane,180000.0,
Kilkeary,121250.0,76498.91066762542
Kilkeasy,40000.0,4330.127018922193
Kilkee,131145.0303030303,94072.97878398119
Kilkelly,51816.666666666664,25489.638417730974
Kilkenny Rural,178427.61111111112,104706.66936472876
Kilkerranmore,173750.0,45711.960506341595
Kilkieran,301250.0,130525.59832531631
Kilkishen,148000.0,73842.17403805678
Kill,248125.0,97415.80294177477
Killaan,171250.0,37123.10601229374
Killaconenagh,127722.22222222222,103749.7322620374
Killaconnigan,140419.73684210525,35670.90861683366
Killadoon,90000.0,
Killadriffe,92000.0,47593.51696547395
Killadysert,70000.0,
Killag,293414.0,153320.54915111672
Killahy,290000.0,0.0
Killallaghtan,100000.0,
Killallon,85000.0,
Killaloe,149115.38461538462,94494.74097998519
Killanniv,184000.0,87635.60920082658
Killanny,183000.0,
Killanummery,220000.0,
Killard,112333.33333333333,94028.36451482782
Killarney Rural,186284.7837837838,96588.36195404863
Killarney Urban,184729.07692307694,78373.68346330572
Killary,209750.0,141774.9096279028
Killashandra,69125.0,32511.261785066767
Killashee,76000.0,
Killaspugonane,159500.0,115425.30051942685
Killathy,65000.0,
Killavackan,40000.0,
Killea,172500.0,88195.5471974325
Killeagh,217894.73684210525,123137.18399359044
Killeany,129600.0,97104.58279607611
Killedan,85000.0,77781.74593052022
Killedmond,201250.0,68259.61470738023
Killeely,236625.0,107102.14432111906
Killeely B,68000.0,
Killeen,248423.38461538462,171487.42609568516
Killeenasteena,217500.0,96695.39802906859
Killeenavarra,239100.0,40639.26672566817
Killeenleagh,97000.0,43387.78629983327
Killeevan,118750.0,41365.74669941303
Killehenny,94000.0,49853.46173595996
Killeigh,150000.0,100374.29949942365
Killenaule,194000.0,180133.28398716325
Killermogh,61900.0,39074.28822128434
Killeroran,142200.0,105911.28362927154
Killerrig,195000.0,127279.22061357855
Killesk,104000.0,49426.713425029586
Killilagh,193687.5,102281.45254988455
Killimor,35000.0,15811.388300841896
Killincooly,132600.0,61566.36194446545
Killiney North,734026.64,611590.1783584583
Killiney South,388807.6923076923,441457.64479489106
Killinick,103428.57142857143,36909.1548844689
Killinkere,280000.0,
Killinny,200000.0,
Killinthomas,175000.0,
Killinure,97000.0,70710.67811865476
Killiskey,470937.5,224970.35915871226
Killoe,25000.0,
Killofin,94000.0,76367.53236814713
Killone,127500.0,45961.94077712559
Killooley,188000.0,94752.30867899737
Killorglin,137643.9024390244,70151.43636726367
Killoscully,425000.0,0.0
Killoteran,153613.5,160673.75256867564
Killoughrum,305866.6666666667,176901.81834377322
Killower,133666.66666666666,32516.662395352527
Killua,89260.0,45956.60271749135
Killucan,149365.15151515152,82334.22974837122
Killulagh,179000.0,69296.46455628166
Killummod,110750.0,114197.74516162742
Killure,123944.25,77889.24893023855
Killurin,160000.0,23452.07879911715
Killursa,158250.0,94320.12359134034
Killury,130000.0,113137.0849898476
Killybegs,106250.0,86364.31347991565
Killygordon,86525.0,45012.104853398414
Killykeen,110000.0,14142.13562373095
Killymasny,65000.0,
Killynenagh,150000.0,
Killyon,163333.33333333334,117721.42257606868
Kilmacanoge,288391.7768595041,102080.43834369763
Kilmacdonogh,112000.0,60822.14508987112
Kilmaclasser,219750.0,4596.194077712559
Kilmaclenine,242000.0,
Kilmacomma,245000.0,0.0
Kilmacowen,228108.33333333334,85619.53322517572
Kilmacrenan,57000.0,
Kilmacthomas,77125.0,44658.65910809832
Kilmactranny,76000.0,62225.39674441618
Kilmacumsy,70000.0,
Kilmaganny,66000.0,17527.121840165317
Kilmaine,30000.0,
Kilmainham A,147494.6595744681,98084.9060054552
Kilmainham B,227059.4193548387,82285.36606054736
Kilmainham C,172413.41463414635,61076.01720846554
Kilmakevoge,169000.0,48199.58506045462
Kilmalinoge,23000.0,
Kilmallock,109363.63636363637,69709.1204352879
Kilmanagh,125333.33333333333,59939.55288455195
Kilmeadan,209000.0,58749.46808269842
Kilmeage North,279500.0,64443.77394287209
Kilmeage South,211666.66666666666,67949.00048320554
Kilmeany,160000.0,74665.92261534039
Kilmeedy,131000.0,
Kilmeena,239040.7142857143,63237.91007171327
Kilmessan,219576.31578947368,155197.9187722183
Kilmihil,87071.42857142857,51923.36385757104
Kilmokea,100333.33333333333,79741.24821362321
Kilmonoge,223750.0,69558.15220706728
Kilmore,137170.44736842104,106846.18939560745
Kilmore A,308583.3333333333,419624.2645200391
Kilmore B,178214.2857142857,58913.79435102756
Kilmore C,165928.57142857142,53604.9858268287
Kilmore D,243267.85714285713,61800.677531773414
Kilmovee,84050.0,59580.841439733515
Kilmoylan,234666.66666666666,53200.877185750745
Kilmucklin,175000.0,11832.159566199232
Kilmullen,258333.33333333334,74888.80646220324
Kilmurry,99988.11111111111,71076.15825374293
Kilnagross,270000.0,
Kilnahue,269666.6666666667,148594.52659278314
Kilnaleck,75423.07692307692,50153.03503355428
Kilnamartery,195833.33333333334,71865.03554116795
Kilnamona,155500.0,127986.3273947651
Kilnaneave,52500.0,0.0
Kilnarath,40000.0,0.0
Kilpatrick,105371.42857142857,82489.73356034764
Kilpeacon,539194.6666666666,359098.07251687296
Kilphelan,45500.0,707.1067811865476
Kilpipe,181666.66666666666,11547.005383792513
Kilquain,141000.0,48083.26112068523
Kilquann,170000.0,
Kilrainy,280000.0,169705.6274847714
Kilreekill,105500.0,47864.391775097276
Kilronan,282500.0,0.0
Kilrush,93125.0,36933.21675673539
Kilrush Rural,245000.0,
Kilrush Urban,70164.28571428571,42221.14441502369
Kilsallagh,150500.0,76922.68846055759
Kilsallaghan,455000.0,111747.48319313505
Kilscannell,77500.0,95459.41546018391
Kilscoran,147881.81818181818,147837.7896027671
Kilseily,149000.0,
Kilshalvy,27500.0,3535.5339059327375
Kilshannig,85630.0,36878.7296418952
Kilshanny,133250.0,61173.93235684624
Kilsheelan,117857.14285714286,69937.1774609813
Kilshenane,88666.66666666667,49903.23970779185
Kilskeer,93666.66666666667,55410.58863911602
Kiltallagh,125535.71428571429,59750.24905307728
Kiltamagh,56571.42857142857,49912.78107144215
Kiltartan,188250.0,15202.795795510772
Kiltealy,147500.0,102530.48327204939
Kilteel,387666.6666666667,12503.33288900736
Kilteely,75200.0,26534.41161963084
Kilteevan,99250.0,61736.33452028068
Kiltenanlea,146875.0,59704.6233172486
Kilteskill,240000.0,
Kiltomy,26500.0,
Kiltoom,95250.0,55011.36246267674
Kiltorcan,125000.0,0.0
Kiltormer,107500.0,10606.601717798212
Kiltubbrid,118500.0,
Kiltullagh,86583.33333333333,106646.23349020377
Kiltybegs,225000.0,
Kiltyclogher,65000.0,7071.067811865475
Kilvemnon,35000.0,0.0
Kilvine,104700.0,3663.1612031140535
Kilwatermoy West,164000.0,26870.057685088806
Kilworth,115000.0,49174.180216857705
Kimmage A,156587.5,57612.19683677208
Kimmage B,162170.9756097561,53667.81955535885
Kimmage C,297190.0,126827.69858997532
Kimmage D,213259.45945945947,88728.82676841671
Kimmage E,217111.76470588235,111900.91044680346
Kinard,305000.0,120104.12149464314
Kincraigy,50000.0,
Kingscourt,121909.09090909091,74271.73694677478
Kingsmeadow,85909.09090909091,38518.70855948975
Kinlough,84914.54545454546,51474.81255208927
Kinnegad,121299.55714285714,41189.14218248022
Kinneigh,150625.0,60220.94735222952
Kinnitty,77888.66666666667,52266.06150585037
Kinsale Rural,374342.22222222225,275237.80319863954
Kinsale Urban,254103.64864864864,212413.9614995438
Kinsalebeg,125000.0,84852.8137423857
Kinsaley,315379.8307692308,342155.12135546
Kinturk,85949.25,45639.72399113345
Kinure,274000.0,33941.12549695428
Kinvarra,191083.33333333334,90184.11302676453
Knappagh,157513.875,96008.33652856476
Knigh,141400.0,29783.291363522007
Knock,100576.92307692308,33121.52255573793
Knock North,69416.66666666667,21164.632448182667
Knock South,140687.5,105497.10134812778
Knockaderry,70333.33333333333,42723.919920032306
Knockainy,95500.0,85660.1813368771
Knockantota,148281.25,69596.44836484114
Knockaree,250360.2,238155.0616566162
Knockavilly,262833.3333333333,119912.81555085484
Knockbarron,150000.0,
Knockboy,122500.0,43684.474740270525
Knockdrin,114333.33333333333,45566.80078010013
Knockglass,146500.0,160513.23932934628
Knocklong,45800.0,
Knockmahon,35000.0,
Knockmourne,110750.0,44067.318632162904
Knocknaboley,133000.0,
Knocknacarragh,342589.6551724138,140047.95440141103
Knocknagashel,35666.666666666664,10930.08081702357
Knocknagore,131000.0,64467.04584514479
Knocknaheeny,114714.28571428571,58482.80170475843
Knockraha,184126.31578947368,50742.189788788215
Knockrea A,339500.0,350326.7306127498
Knockrea B,349966.6666666667,240307.72434724684
Knockroe,223416.66666666666,85992.10235054535
Knocks,105000.0,
Knockskagh,162942.5,27633.673148292586
Knocktopher,97764.25,55969.485850652265
Kyle,105333.33333333333,69139.95468130807
Kyle South,34500.0,
Kylemore,131651.96078431373,35768.669196357194
Lackagh,174000.0,104699.57019969089
Lackaghbeg,200700.0,68545.28105971668
Lackalea,165000.0,
Lackan,171625.0,213994.30483075944
Lackan North,99000.0,51889.30525647843
Lackan South,120000.0,
Lady's Island,152857.14285714287,70972.83182417662
Ladytown,411972.1666666667,190228.88436871688
Laghy,140000.0,
Lahard,546000.0,571342.2791987304
Lakeview,185000.0,
Laracor,660000.0,296984.84809834993
Larah North,172500.0,45961.94077712559
Larah South,44166.666666666664,25041.632002194532
Larchville,71333.33333333333,36815.304788452675
Largymore,158000.0,
Latteragh,101666.66666666667,58366.65714829544
Lattin,112500.0,43301.270189221934
Laurencetown,70000.0,63639.61030678928
Lecarrow,90000.0,
Ledwithstown,69883.33333333333,30150.05527910908
Lehenagh,243082.7731092437,81658.88677726584
Leighlinbridge,117357.14285714286,85176.63719477027
Leighmoney,327500.0,165056.80840244066
Leitrim,110432.36363636363,51687.00727895305
Leixlip,271434.7682119205,90894.90011241507
Letterkenny Rural,99518.26262626263,43224.88866490131
Letterkenny Urban,61526.11111111111,51482.88549350526
Lettermacaward,86000.0,56120.406270803134
Lettermore,127000.0,
Limerick,325000.0,
Limerick North Rural,164732.5,66664.35786066165
Limerick South Rural,117333.33333333333,14189.197769195172
Liscananaun,159750.0,103702.70006128095
Liscannor,191545.2380952381,124450.36350364942
Liscasey,163000.0,
Liscleary,263149.39344262297,143166.79035158936
Lisdoonvarna,109909.09090909091,36959.99065328493
Lisdowney,150000.0,0.0
Lisduggan,79076.92307692308,32177.143902832486
Lisgarve/Mantua,80214.28571428571,59022.49369439385
Lisgoold,201000.0,15705.625319186332
Lisheenavalla,256000.0,154149.27829866737
Lislaughtin,99166.66666666667,62474.66153036232
Lislea,33500.0,16263.455967290593
Lismaha,62500.0,53033.00858899106
Lismakeery,75000.0,
Lismanny,30000.0,
Lismore Rural,179357.5,161725.92745908123
Lismore Urban,115406.25,114695.86141182252
Lisronagh,163222.22222222222,81462.77067799712
Lissadill East,179708.33333333334,53990.373370321
Lissadill North,133600.0,75506.95332219411
Lissadill West,100000.0,
Lissonuffy,75000.0,35355.33905932738
Listowel Rural,109826.66666666667,56739.214367656015
Listowel Urban,118299.74647887323,71394.29973318565
Littleton,98571.42857142857,76622.164182148
Lixnaw,78000.0,32511.536414017715
Longford Number 1 Urban,57500.0,10344.080432788602
Longford Number 2 Urban,45000.0,
Longford Rural,76500.0,42821.334246689075
Lorrha East,65000.0,0.0
Lorrha West,139500.0,45610.67126598043
Lough Allen/Altagowlan,24000.0,
Lough Atalia,213636.36363636365,73371.68762850249
Loughcurrane,167600.0,79463.35633485412
Loughea,163500.0,
Loughfea,275000.0,
Loughglinn,47375.0,24074.104344710315
Loughkeel,40000.0,
Loughrea Rural,173510.0,122315.33100964899
Loughrea Urban,132238.56666666668,188031.56451457526
Louisburgh,141936.6,81967.79947732863
Louth,205977.27272727274,119055.36813524278
Lowertown,186250.0,182079.99615553598
Lucan North,471654.05,146044.2833630371
Lucan-Esker,244659.87829912023,63033.14338546601
Lucan-Heights,299477.86440677964,140000.5714214172
Lucan-St. Helens,276518.8843537415,126996.77289188208
Lullymore,244000.0,
Lumcloon,126500.0,
Lurgan,147166.66666666666,91144.7566603075
Lurganboy,78000.0,
Lurraga,139000.0,
Lusk,207286.61988304093,70940.65497783394
Lusmagh,171250.0,48023.43178074637
Maas,108000.0,
Macloneigh,126111.11111111111,52546.275901448156
Macroom Urban,142859.51923076922,64496.744683467005
Magheraboy,150555.55555555556,113182.4976653978
Magheraclogher,101562.42857142857,37609.709582488416
Magherareagh,220500.0,28991.378028648447
Maghery,88166.66666666667,66596.42132527343
Magorban,206666.66666666666,103182.68588608588
Magourney,191428.57142857142,108347.98435728149
Mahanagh,51466.666666666664,26967.634922872516
Mahon A,275519.60784313723,254539.07285099308
Mahon B,240806.25,87050.36338883964
Mahon C,336897.0588235294,202902.22975505271
Mahoonagh,150000.0,35355.33905932738
Malahide East,506742.15,387792.1422133163
Malahide-West,481451.08720930235,158667.32352926265
Malin,73063.66666666667,27079.183154839317
Malinbeg,127500.0,
Mallow North Urban,150386.61417322836,126289.08910015458
Mallow Rural,155675.50877192983,109356.02648788347
Mallow South Urban,105487.71929824562,63724.60017857937
Manch,77000.0,
Manorcunningham,87730.0,58187.76413247756
Manorhamilton,80772.72727272728,48302.87964312461
Mansfieldstown,205000.0,
Mansion House A,252571.42857142858,84393.46623321703
Mansion House B,408833.3333333333,231394.39635969294
Manulla,201500.0,
Maperath,119583.33333333333,67399.12215056414
Mardyke,193333.33333333334,40414.5188432738
Marhin,168000.0,130107.64773832474
Market,63020.0,27328.053351821458
Marley,50000.0,0.0
Marshalstown,138333.33333333334,52232.65262266507
Martry,127000.0,66910.38783328042
Mashanaglass,256500.0,95318.76345540088
Matehy,262730.76923076925,59709.92916614155
Mayfield,93000.0,64961.52707564686
Mayglass,94125.0,38497.56485805303
Maynooth,246244.78021978022,108608.7228658367
Mayo,82500.0,
Meelick,56500.0,48308.039358544316
Meens,30000.0,
Mellifont,159566.66666666666,61931.92499295766
Melvin,121179.75,24022.765041726565
Menlough,203285.7142857143,82835.49830972093
Merchants Quay A,142561.0,52367.39066442016
Merchants Quay B,171742.42424242425,43880.363135910724
Merchants Quay C,210583.33333333334,109873.03278481637
Merchants Quay D,309860.71428571426,174930.10272080702
Merchants Quay E,255954.54545454544,68037.6566856379
Merchants Quay F,222336.66666666666,165658.59952093672
Mervue,133500.0,46552.38984198341
Midleton Rural,182377.77777777778,86059.52357749894
Milane,160000.0,56568.5424949238
Milford,62500.0,10606.601717798212
Military Road,67166.66666666667,27326.726843879416
Millford,62365.27777777778,33725.69183314381
Milltown,114630.8275862069,53531.77763725885
Milltown Malbay,86493.1,48088.941155252454
Minard,81000.0,
Mintiaghs,103500.0,89802.56121069154
Mitchelstown,119095.29411764706,72934.38990088216
Moate,95326.94444444444,35047.57776993558
Moatfarrell,195000.0,
Modeshil,123685.71428571429,42173.70541666251
Mogeely,135000.0,57662.81297335398
Mohernagh,230000.0,
Mohill,87010.0,46248.37414559685
Molahiffe,122666.66666666667,41064.989143226776
Monagay,75833.33333333333,75429.3267458575
Monaghan Rural,121351.71052631579,82674.09684438704
Monamolin,57000.0,
Monanimy,93833.33333333333,63120.25559728562
Monaseed,125000.0,21213.203435596424
Monasterboice,261000.0,132778.01022759755
Monasterevin,136472.35714285713,80886.54467797787
Monasteroris,178530.0,127187.12447938012
Moneenroe,49000.0,17257.409475879682
Moneymore,160000.0,14142.13562373095
Monivea,118059.5,20263.71537995932
Monkstown Rural,250774.5,136412.58014267532
Monkstown Urban,213996.19047619047,140257.0633925502
Monsea,159500.0,61442.19118116522
Montenotte A,267000.0,128209.78901784372
Montenotte B,212062.96296296295,90193.0798477447
Moone,306000.0,183248.4652050325
Morrison's Avenue East,65541.66666666667,37191.06584635453
Morrison's Avenue West,61000.0,14933.18452306808
Morrison's Road,55722.22222222222,19735.930290828564
Morristownbiller,187202.72289156626,64719.2375372481
Mortlestown,138884.61538461538,83212.05533963305
Mote,89908.0,31686.784627033398
Mothell,40000.0,0.0
Mount Bellew,127160.71428571429,60156.22666975429
Mount Falcon,105333.33333333333,22368.132093076823
Mount Sion,120500.0,182793.78594968206
Mount Temple,93000.0,53379.146989562636
Mountain,170000.0,14142.13562373095
Mountbriscoe,67500.0,17677.66952966369
Mountcollins,42000.0,
Mountievers,153346.15384615384,78749.4403724519
Mountjoy A,207458.88235294117,79250.968550771
Mountjoy B,317542.85714285716,262389.9086775713
Mountkennedy,215000.0,
Mountmellick Rural,124200.0,84720.0853230381
Mountmellick Urban,96825.64102564103,43818.841885466754
Mountplummer,42500.0,24748.737341529162
Mountrath,90483.16666666667,71580.46991496441
Mountrivers,127000.0,97349.88443752771
Mountshannon,75000.0,
Moviddy,182142.85714285713,121934.99439103958
Moville,100700.0,59517.64444263566
Moy,136500.0,68853.10450517101
Moyacomb,127500.0,102530.48327204939
Moyanna,102500.0,3535.5339059327375
Moyarta,362500.0,159099.02576697318
Moycullen,231363.63636363635,92505.42981606294
Moydow,131750.0,122959.00400811103
Moydrum,167313.93333333332,70520.065679725
Moynalty,80000.0,
Moyne,43156.833333333336,20759.903182979124
Moynehall,94187.77777777778,59342.01453345588
Moynsha,100475.0,72182.88693774077
Moyode,125000.0,
Moyrus,25000.0,
Muckanagh,130000.0,106066.01717798212
Muckross,125000.0,77781.74593052022
Muinebeag Rural,114666.66666666667,66803.19353643706
Muinebeag Urban,103833.33333333333,38579.55874477021
Mullagh,101900.0,46986.39620753467
Mullanalaghta,94666.66666666667,121656.62058981144
Mullary,230750.0,120961.08189551436
Mullinahone,151665.83333333334,123571.36327632586
Mullingar North Urban,87817.5,54344.7870317407
Mullingar Rural,142310.26515151514,55798.340493586154
Mullingar South Urban,115482.04807692308,48720.67689407737
Multyfarnham,101437.5,33622.31136356588
Munterconnaught,180500.0,102956.70611151725
Murrough,159789.7142857143,80500.80244723083
Myross,276923.07692307694,169552.57863883086
Myshall,133666.66666666666,69098.96284798106
Naas Rural,260065.48561151078,175632.09673685994
Nantinan,153750.0,121975.91975467945
Narraghmore,196666.66666666666,75055.53499465136
Navan Rural,172921.52896341463,78521.78106259377
Neale,75000.0,
Nenagh Rural,110540.35042735042,57306.71616233257
New Bermingham,175000.0,0.0
New Ross Rural,122200.0,55952.71455276129
New Ross Urban,64990.97777777778,121042.71130370598
Newbawn,162500.0,38890.87296526011
Newbliss,47100.0,44368.344571326976
Newbrook,110000.0,84852.8137423857
Newcastle,209618.94736842104,83431.28144279185
Newcastle Lower,311833.3333333333,183836.85184216494
Newcastle Rural,122578.02777777778,45563.120676069404
Newcastle Upper,280719.64285714284,130754.23778238297
Newmarket,149500.0,82162.88699893645
Newport,144795.45454545456,69891.72008899113
Newport East,127900.0,53598.6940139403
Newport West,180000.0,60553.00708194983
Newport's Square,60200.0,19511.53504981092
Newtown,190091.66666666666,124254.68906090902
Newtown Cunningham,89428.57142857143,34408.6091109824
Newtown Forbes,61826.92307692308,32090.26731596757
Newtownbarry,89416.66666666667,26299.700424610208
Newtowngore,40000.0,
Newtownsandes,58300.0,11670.475568716127
Nobber,73000.0,24344.74618201362
Nodstown,157500.0,59581.87643906492
Nohavel,70000.0,70710.67811865476
North City,186935.48387096773,37913.82595999422
North Dock A,202296.875,83515.96905199358
North Dock B,210491.8404255319,121049.22350910418
North Dock C,218000.0,77995.83322203821
Nun's Island,256863.88888888888,149872.13055092335
Nurney,112375.0,35004.84660321033
O'Briensbridge,57166.666666666664,17221.594970656268
O'Dempsey,57000.0,
O'More's Forest,163500.0,
Oakport,147500.0,130814.75451951129
Oatfield,130000.0,
Ogonnelloe,15000.0,
Ogulla,64800.0,33282.127335854
Old Leighlin,140000.0,21213.203435596424
Old Ross,105500.0,20506.096654409877
Oldcastle,98716.66666666667,48394.66347006612
Oldconnell,315000.0,131943.16958448436
Oldcourt,160000.0,
Oldtown,256125.0,31760.496952451274
Oola,105250.0,61453.844468836935
Oranmore,211855.5846153846,98558.70116821438
Oughterard,152545.45454545456,95126.97142577753
Outrath,171500.0,0.0
Ovens,287187.5,97634.05639115535
Owel,150666.66666666666,123597.46491467101
Painestown,268125.0,134915.25117643297
Pallas,120000.0,
Pallaskenry,128888.88888888889,44705.828603338865
Palmerstown Village,237516.39344262294,57892.858455160895
Palmerstown West,237608.0253164557,92189.28555868012
Park,71340.6834532374,38455.2672361462
Patrickswell,173454.54545454544,116490.65510706311
Paulstown,139058.45454545456,50041.35214630678
Pembroke East A,253799.0243902439,115581.53037585369
Pembroke East B,586127.2727272727,278511.4396465359
Pembroke East C,678380.2816901408,468836.6869542157
Pembroke East D,687744.1860465116,580950.087726716
Pembroke East E,838941.6862745098,891957.8574944556
Pembroke West A,374286.25,233943.96518087675
Pembroke West B,616865.1578947369,515515.08131778514
Pembroke West C,849869.0425531915,565716.7133761254
Pembrokestown,162750.0,106419.57056857541
Peppardstown,79325.33333333333,71562.03446948502
Pettigoe,70000.0,20297.783130184438
Phoenix Park,193300.0,45268.090306528284
Pilltown,145241.66666666666,86828.82354988233
Poleberry,100052.63157894737,115104.16716281653
Pollrone,101833.33333333333,27132.77538328875
Pontoon,138000.0,
Portarlington,101259.75609756098,58588.92757601626
Portarlington North,89885.41666666667,46662.0586007767
Portlaoise Rural,124201.22641509434,55645.7709849468
Portlaw,103115.0,44504.057961044404
Portmagee,81666.66666666667,62516.66444503684
Portmarnock North,476071.4285714286,120618.90333305903
Portmarnock South,398214.28571428574,149645.1101311871
Portnascully,110375.0,61779.04175365623
Portumna,91707.69230769231,51649.805768245016
Pouladuff A,139285.7142857143,45642.50316577845
Pouladuff B,151208.33333333334,41241.2295543127
Powerscourt,614000.0,295241.4266325104
Poyntstown,72500.0,20207.2594216369
Priorswood A,202827.77777777778,65998.84994789261
Priorswood B,160000.0,70118.94655987543
Priorswood C,135345.0,39574.20912384451
Priorswood D,164346.15384615384,53402.39118817981
Priorswood E,195483.33333333334,38760.423143960266
Prospect A,59625.0,37919.7931730345
Prospect B,31625.0,7122.441060947199
Querrin,56500.0,2121.3203435596424
Quin,159047.91666666666,55048.854742987096
Rackwallace,203375.0,60626.41750920138
Raford,168750.0,8838.834764831845
Rahalisk,178400.0,85701.80861568791
Rahan,213333.33333333334,248260.61575153907
Raharney,41000.0,
Raheen,166250.0,96404.09742329421
Raheenakeeran,96833.33333333333,20410.373179668553
Rahelty,82400.0,45765.58629460447
Raheny St. Assam,434904.4117647059,142266.94105644946
Raheny-Foxfield,353705.6206896552,176600.32096848643
Raheny-Greendale,312833.3333333333,149897.40452742326
Rahill,103000.0,53002.358438092175
Rahona,97666.66666666667,47310.32304546933
Rahoon,196705.88235294117,86294.74542656288
Rakenny,55000.0,42426.40687119285
Raphoe,81923.6,26251.070164852328
Ratass,149500.0,93902.43163340694
Rathangan,147085.86363636365,69874.66245751709
Rathaspick,128145.45454545454,75504.60551877253
Rathbane,55272.72727272727,34491.56682173458
Rathbarry,176600.0,89318.53111197027
Rathborney,93750.0,75306.87219636732
Rathclarin,283000.0,116567.57696718244
Rathcline,98428.57142857143,76181.48756501837
Rathclooney,56000.0,
Rathcool,52000.0,4242.640687119285
Rathcoole,238333.33333333334,75747.1930496567
Rathcooney,235929.7162162162,123223.24382977451
Rathcor,74000.0,21063.39637063944
Rathcormack,126607.48387096774,57216.31488999793
Rathdowney,66844.44444444444,60291.83425454709
Rathdrum,176150.0,75456.40757711994
Rathea,64083.333333333336,63667.26657658026
Rathernan,188600.0,81346.78850452548
Rathfarnham,768757.1428571428,646044.1450880871
Rathfarnham Village,435709.63333333336,189937.56669664624
Rathfarnham-Ballyroan,452200.0,121123.81925879292
Rathfarnham-Butterfield,497906.8333333333,196711.8314325453
Rathfarnham-Hermitage,389235.77419354836,108955.74506755879
Rathfarnham-St. Edna's,383567.85714285716,130887.62906263382
Rathfeigh,310100.0,127384.98079967409
Rathfeston,148333.33333333334,93585.96760910972
Rathhill,110000.0,
Rathkeale Urban,133735.29411764705,86765.5097171139
Rathluirc,101286.14457831325,65996.3803115197
Rathmelton,159055.55555555556,100847.49847526189
Rathmichael (Bray),181433.4,47978.46649993843
Rathmines East A,724027.7777777778,528324.510078722
Rathmines East B,532020.6260869565,336754.55533871625
Rathmines East C,822854.725490196,443902.8792329727
Rathmines East D,564704.0612244898,229260.2080421219
Rathmines West A,383093.4,207124.65135740038
Rathmines West B,391370.6896551724,208051.98322131668
Rathmines West C,680075.0,497478.4070035428
Rathmines West D,517139.25925925927,305883.981765265
Rathmines West E,590531.0,422673.4228477599
Rathmines West F,491725.0,225845.866569279
Rathmolyon,235000.0,
Rathmore,177452.38095238095,131125.69396974653
Rathmoylan,170916.66666666666,85813.99458518795
Rathmullan,130378.94736842105,37995.18359750597
Rathornan,287500.0,
Rathowen,123166.66666666667,132748.50909395053
Rathpatrick,140833.33333333334,70433.92293490403
Rathroe,174250.0,
Rathronan,106785.71428571429,83058.14085268682
Rathrush,187333.33333333334,73780.50216690043
Rathsallagh,670000.0,
Rathsaran,91000.0,1414.213562373095
Rathvilly,193666.66666666666,146958.04389915738
Ratoath,292487.675,112199.64314226758
Ravensdale,150000.0,49497.474683058324
Rearymore,105500.0,70003.57133746821
Redcastle,117388.88888888889,78841.92166044097
Redhill,100000.0,
Reen,322500.0,38890.87296526011
Reisk,195208.33333333334,122791.66730933357
Renmore,258500.0,77215.83849370357
Ringville,97500.0,104043.26023342405
Rinn,71076.5,15931.404006273619
Rinvyle,170600.0,105270.12871655473
Riverdale,205000.0,222542.13084267886
Riversdale,150000.0,
Riverstown,216516.14444444445,80273.06387820655
Roanmore,69722.22222222222,17672.561909481163
Robertstown,173000.0,38764.244693617686
Rochestown,194500.0,184104.13719776462
Rockbarton,412388.8888888889,370932.07541969646
Rockhill,63750.0,51265.24163602469
Rockingham,115500.0,72190.71962517066
Rodanstown,254300.0,91227.46297031394
Roosky,96515.64705882352,110398.32612914767
Rosbercon,65725.45454545454,53751.010476759664
Roscommon Rural,113423.07692307692,43691.554367828605
Roscrea,73327.58620689655,41505.500768830454
Rosenallis,55521.0,13357.12630021892
Rosguill,154285.7142857143,107797.20819779192
Roskeen,106333.33333333333,41956.32649950819
Rosmead,175000.0,35355.33905932738
Rosmoylan,55500.0,27577.164466275353
Rosnakill,145000.0,
Ross,140000.0,
Rosscarbery,216744.7142857143,177765.11316013377
Rossinan,345000.0,0.0
Rossinver West,85000.0,
Rosslare,160651.42857142858,69699.52549607407
Rosslee,109000.0,132936.07486307094
Rossmore,154000.0,76108.47521794139
Rossroe,215000.0,9128.70929175277
Rostellan,279750.0,138446.28922437754
Rotunda A,186055.61111111112,85489.99677784041
Rotunda B,190230.76923076922,61031.96409280666
Roundstone,111500.0,51618.79502661797
Rowan,30000.0,
Roxborough,287062.5,201241.40398678256
Royal Exchange A,202853.19565217392,130045.05643363585
Royal Exchange B,171666.66666666666,55075.705472861024
Ruan,116250.0,54956.232585576676
Rush,237508.7912087912,102802.68792243782
Rushfield,116450.0,35458.532118518386
Russellstown,231000.0,168291.41392239832
Rutland,99739.63636363637,35227.887609882964
Ryehill,226100.0,37980.91626066965
Saggart,381257.3076923077,645886.9414701305
Sailearna,276600.0,200635.9887956296
Saint Kevin's,396364.7826086957,206664.41887744417
Sallyford,183500.0,79903.06627407987
Salthill,209422.5806451613,122616.88758527495
Scarriff,102800.0,48028.116765078346
Scartaglin,93800.0,76204.98671346909
Scotsborough,262000.0,163520.64089893972
Scotstown,79166.66666666667,46255.63028792639
Scrabby,74500.0,48790.36790187178
Scregg,122333.33333333333,66229.39931279261
Screggan,161285.7142857143,53181.18177737398
Seefin,143833.33333333334,15446.142992130219
Seskinan,135000.0,
Shaen,112666.66666666667,84299.07077384266
Shanagolden,142357.1,97263.04701792513
Shanakiel,211907.40740740742,150067.9997814476
Shanballymore,135000.0,
Shandon A,119401.66666666667,124722.65772404788
Shandon B,75000.0,40307.154038292836
Shangarry,127000.0,41012.193308819755
Shanid,175000.0,
Shankhill-Rathmichael,315592.1568627451,133916.4856813936
Shankill,96607.14285714286,65395.59458563544
Shankill-Rathsallagh,362347.22222222225,158529.62361493218
Shankill-Shanganagh,322412.8939393939,102296.12893858374
Shannon A,197889.67213114753,91884.48584984688
Shannon B,90000.0,35653.89179318297
Shannonharbour,70000.0,
Shantalla,315100.0,143745.60862857688
Sheepshead,202400.0,210419.34321730028
Shercock,120125.0,36588.64805737794
Sheskin,58000.0,
Shillelagh,146928.57142857142,91987.96505133546
Shinrone,140000.0,183847.76310850235
Shortcourse,52437.5,16127.699109650719
Shreelane,160500.0,125157.90027001892
Shronell,95000.0,0.0
Shronowen,40000.0,
Shrule,190000.0,
Silverbrook,260000.0,
Singland A,71750.0,26532.52720718477
Singland B,132398.14814814815,38569.75818486222
Sixmilebridge,139055.225,42985.92539155798
Skagh,82500.0,60896.08635481704
Skeagh,77000.0,39357.33730830885
Skehanagh,793333.3333333334,1219234.7326636217
Skerries,317058.0974025974,129228.49658757374
Skibbereen Rural,139518.10344827586,69563.67567583652
Skreen,234323.5294117647,99461.82389120312
Skull,201100.0,122782.60634573869
Slane,176706.89655172414,75272.0681026714
Sliabh an Aonaigh,255000.0,14142.13562373095
Slievekeale,74718.75,33660.0498860791
Slievemore,145714.2857142857,72078.00007795787
Slievereagh,102000.0,93338.09511662427
Sligo East,94576.08571428571,55521.410362140865
Sligo North,82140.32258064517,50482.50292461319
Sligo West,149830.76923076922,89433.76795085832
Sliguff,171250.0,81278.84103504429
Sneem,90000.0,39597.97974644666
Sonnagh,110357.14285714286,85591.42981130096
South Dock,451126.0967741936,251658.25699869983
South Gate A,161850.0,101189.75162205574
South Gate B,78500.0,4949.747468305833
Spancelhill,350000.0,
Spiddal,144625.0,85638.1680872106
Springfield,65000.0,
Springfort,220000.0,
Srah,56500.0,47376.15433949869
Sraheen,97308.57142857143,34943.952947814134
St Canice's,112500.0,112283.12428855905
St Johnstown,71500.0,43240.60591619872
St Nicholas,170779.96,90028.01109491794
St. Finan's,207666.66666666666,20404.247923737188
St. Helen's,121403.50877192983,41463.99455686257
St. Laurence,104020.83333333333,39843.223778462074
St. Laurence Gate,177655.1724137931,89401.78659546452
St. Mary's,217708.09826589594,81399.49710773068
St. Patrick's A,123666.66666666667,64872.95276153229
St. Patrick's B,395000.0,
St. Patrick's C,127145.2,63845.78228199573
St. Peter's,169494.84536082475,59000.860465360354
Stabannan,75000.0,49497.474683058324
Stackallan,220751.0,170767.7018701136
Staholmog,180000.0,56568.5424949238
Stamullin,191397.4358974359,59187.53811964702
Stillorgan-Deerpark,561270.3703703703,147865.16758441087
Stillorgan-Kilmacud,406720.8333333333,94191.28265860512
Stillorgan-Leopardstown,600312.5,158509.1874308868
Stillorgan-Merville,483263.4166666667,146750.20633992262
Stillorgan-Mount Merrion,697141.304347826,521764.7795174828
Stillorgan-Priory,528616.6666666666,267245.9374657621
Stonefield,47750.0,42779.960261786124
Stonyford,463000.0,365588.70332656614
Stradbally,189172.41379310345,358888.9918868186
Strade,116000.0,62225.39674441618
Stradone,55333.333333333336,59000.56496904641
Straffan,435978.375,148901.38531563993
Straid,114375.0,45625.61154188981
Stranorlar,78632.35294117648,32567.019202721724
Stratford,130000.0,115325.62594670797
Streamhill,290000.0,
Streamstown,99678.57142857143,52326.84028570533
Street,144000.0,10392.304845413264
Strokestown,67670.0,31805.12930330578
Summerhill,199095.2380952381,83939.20702621913
Sunday's Well A,276600.0,94115.8860129362
Sunday's Well B,114500.0,48289.92303438334
Sutton,408040.17272727273,209340.33421608905
Swanlinbar,190000.0,0.0
Swineford,78895.83333333333,48721.69839945582
Swords Village,253157.23684210525,81709.3159535465
Swords-Forrest,244142.40952380953,82776.85117233507
Swords-Glasmore,241997.265625,64397.407363507176
Swords-Lissenhall,237614.0407239819,88775.74072916526
Swords-Seatown,336049.3086419753,125286.9309971089
Tacumshin,190750.0,53903.46309221081
Taghart,77000.0,
Taghboy,92000.0,24899.799195977466
Taghmon,152888.88888888888,86999.20178433313
Tallaght-Avonbeg,164163.15789473685,53723.936425295935
Tallaght-Belgarde,218775.0,54181.584315589804
Tallaght-Fettercairn,136170.6896551724,56663.02573302695
Tallaght-Glenview,538629.2352941176,1505086.755075913
Tallaght-Jobstown,145366.796875,65425.90516024334
Tallaght-Killinardan,128458.33333333333,40587.42434734576
Tallaght-Kilnamanagh,236617.64705882352,46039.68295304726
Tallaght-Kiltipper,170703.7037037037,53480.99217681479
Tallaght-Kingswood,226108.1081081081,58435.52181858402
Tallaght-Millbrook,187162.85714285713,57249.88099506915
Tallaght-Oldbawn,225500.0,61734.25646310667
Tallaght-Springfield,146974.66666666666,42758.666241345025
Tallaght-Tymon,224295.83333333334,75879.2728850997
Tallanstown,166666.66666666666,125286.33870724561
Tallow,92269.23076923077,66164.7613237261
Tankardstown,143333.33333333334,85943.39222224514
Tantallon,100232.72727272728,45386.66964889781
Tara,225166.66666666666,120242.98316325988
Tarbert,132500.0,56347.138347923225
Tarmon,104666.66666666667,18448.125469362283
Tawnynagry,107000.0,
Taylor's Hill,310875.0,218077.5992295272
Teadies,118285.71428571429,76102.37465790032
Tedavnet,139000.0,
Teeranearagh,52000.0,
Tehallan,200000.0,
Teltown,141800.0,86915.62000008974
Temple,44333.333333333336,48232.0778459039
Templebodan,178333.33333333334,115578.25631723873
Templeboy North,25000.0,
Templeboy South,165000.0,
Templebredon,194800.0,47509.1570120961
Templebreedy,245344.44444444444,98956.59185070527
Templedouglas,120000.0,
Templeglentan,72083.33333333333,32237.27138990933
Templeharry,117000.0,0.0
Templeludigan,23000.0,
Templemaley,169791.66666666666,123337.99259217197
Templemartin,326000.0,
Templemary,142500.0,24748.737341529162
Templemichael,147500.0,69910.65727054782
Templemolaga,35000.0,
Templemore,71961.42857142857,44614.05755159389
Templenacarriga,45800.0,
Templeneiry,180000.0,0.0
Templeogue Village,471894.1176470588,103731.00712050998
Templeogue-Cypress,423146.26666666666,115265.74847999967
Templeogue-Kimmage Manor,466822.8795180723,175094.69361214706
Templeogue-Limekiln,286416.6666666667,83425.1378373953
Templeogue-Orwell,432625.0,105281.84223477393
Templeogue-Osprey,369287.525,98885.84005552332
Templeomalus,115833.33333333333,8036.375634160795
Templeorum,167000.0,109825.48139496756
Templepatrick,44500.0,10606.601717798212
Templepeter,198666.66666666666,202151.75817522177
Templeport,62250.0,42779.960261786124
Templetogher,39000.0,
Templetouhy,50000.0,
Templetown,217347.5,139573.29538533586
Templevanny,38000.0,
Terenure A,395908.84375,159409.70384069587
Terenure B,409233.39130434784,179280.0780606913
Terenure C,584868.0769230769,181930.63160972914
Terenure D,563031.25,328753.4267882238
Terenure-Cherryfield,302626.3888888889,74332.99160448887
Terenure-Greentrees,297678.5714285714,76330.28132196223
Terenure-St. James,199181.81818181818,51146.491926266426
Termon,70000.0,26457.513110645905
Termonbarry,102088.57142857143,24679.443151856452
Termonfeckin,251736.1739130435,126877.79100867537
Terryglass,78750.0,17778.39780664806
The Glen,44026.31578947369,16294.574492595284
The Glen A,179750.0,69593.3126576589
The Glen B,135015.625,55851.687873388866
The Grange,148250.0,9545.941546018392
The Harrow,192500.0,91070.02800043492
The Leap,163500.0,19811.61275615895
The Lough,182861.11111111112,140227.6670672058
The Ward,198229.6126126126,67804.87349287611
Thomastown,202765.06024096385,330910.8764525117
Three Trees,127987.5,57225.58249303074
Thurles Rural,122341.46341463414,63428.37504646844
Tiaquin,143333.33333333334,66583.28118479393
Tibradden,565000.0,218574.92994394395
Ticor North,134269.23076923078,27998.96976126635
Ticor South,98285.71428571429,34687.722543258664
Tieveskeelta,238000.0,
Timahoe North,245000.0,106066.01717798212
Timahoe South,180000.0,
Timoleague,141428.57142857142,43273.76858581937
Timoney,100000.0,0.0
Tinahely,91555.55555555556,59087.56449353601
Tinnacross,65000.0,
Tinnahinch,83000.0,9746.794344808965
Tinnycross,150000.0,
Tintern,113600.0,63382.17415015045
Tipperary Rural,80821.52631578948,49407.26642344579
Tircahan,41000.0,
Tivannagh,25000.0,
Tivoli A,273964.28571428574,176299.4864671234
Tivoli B,174721.07142857142,60846.80936516421
Tober,240000.0,14142.13562373095
Tobercurry,98602.94117647059,63419.18201190254
Tobernea,133500.0,65850.20880756568
Toberpatrick East,150000.0,155563.49186104044
Toberpatrick West,150000.0,
Togher,263458.3333333333,170538.11335317572
Togher A,201428.57142857142,42692.142691823836
Togher B,183400.0,88488.98236503797
Tombrack,313920.0,302528.56526285247
Tomfinlough,100000.0,
Tomhaggard,155400.0,47511.05134597634
Toocananagh,135000.0,
Toomore,99250.0,63708.6140172583
Toormore,53000.0,
Tralee Rural,144844.73251028807,111976.77315344421
Tralee Urban,95224.40677966102,46977.63783022237
Tramore,125937.60765550239,86080.657709785
Tramore A,408333.3333333333,208678.38092784473
Tramore B,365545.45454545453,178915.44352217318
Tramore C,215397.23684210525,66865.08152967002
Treantaghmucklagh,20750.0,6010.407640085654
Trienearagh,122500.0,60104.07640085654
Trim Rural,194278.18604651163,81552.02753145684
Trumra,225000.0,
Tuam,40000.0,
Tuam Rural,107742.37288135593,57074.69758673437
Tubbrid,405500.0,120666.20626063179
Tubbridbrittain,150000.0,0.0
Tubbrit,130083.33333333333,35763.69201671811
Tubrid,143000.0,57771.58086425847
Tulla,137857.14285714287,82492.7846772645
Tullagh,223833.42105263157,125444.48894113187
Tullaghan,114818.57142857143,78169.73188144874
Tullaghanbrogue,188125.0,101355.16424031791
Tullaghmelan,172666.66666666666,2250.925735484551
Tullaghorton,103000.0,0.0
Tullaghought,50000.0,0.0
Tullaherin,127500.0,30124.740662784137
Tullamain,43000.0,1154.7005383792525
Tullamore Rural,152636.5294117647,75687.90241686384
Tullamore Urban,133554.26829268291,85081.47311582866
Tullaroan,114375.0,41875.424014135504
Tullokyne,257355.26315789475,173198.0504884003
Tullow Rural,132375.0,48151.361054788176
Tullow Urban,95548.78048780488,36620.486902492295
Tullowbeg,134000.0,30091.52704666215
Tullycreen,75000.0,
Tullynaught,90000.0,
Tullyvin East,131750.0,36415.9992311072
Tullyvin West,20000.0,
Tulsk,73000.0,40240.941009540686
Tumgesh,45000.0,
Tumna North,81000.0,
Turlough,109900.0,51626.543560459286
Turmone,62000.0,
Turnapin,269333.3333333333,67626.42481555072
Turner's Cross A,122250.0,31466.251762801367
Turner's Cross B,152200.0,42142.08769811429
Turner's Cross C,110000.0,50744.4578254611
Turner's Cross D,179000.0,11532.562594670795
Turra,155000.0,
Turrock,205000.0,
Twomileborris,296333.3333333333,165385.20691605602
Ullanes,280000.0,
Ullid,201833.33333333334,87487.31000416407
Umma,115000.0,
Upperchurch,82500.0,2886.7513459481265
Uregare,73000.0,45254.83399593904
Urlan,132583.33333333334,34962.003184409594
Urlaur,61700.0,27354.52430586209
Urlee,10000.0,
Urlingford,126041.66666666667,81235.00992943434
Ushers A,217000.0,82016.11339939767
Ushers B,152000.0,45356.91788470641
Ushers C,131471.15384615384,76996.01552343907
Ushers D,160307.40740740742,78692.69307260963
Ushers E,226226.92307692306,65826.11758572927
Ushers F,273818.1818181818,112419.87045325784
Uskane,300000.0,0.0
Valencia,174000.0,120432.55373859678
Virginia,144569.38775510204,60980.431301366516
Walkinstown A,198793.75,53388.21841080076
Walkinstown B,198979.16666666666,63284.22531530955
Walkinstown C,245000.0,60469.366383594046
Warrenscourt,207928.57142857142,96773.11462532202
Watergrasshill,189347.22222222222,100603.14939553659
Waterloo,60000.0,
Wellpark,174345.45454545456,36367.330494177426
Wells,164120.83333333334,36641.20091054149
West Gate,123545.62318840579,69254.00337570245
Westport Rural,373714.28571428574,290187.7060833294
Westport Urban,161655.5064935065,132856.5055278402
Wexford No 1 Urban,84062.5,35049.391170583425
Wexford No 2 Urban,101375.0,55445.73172631656
Wexford No 3 Urban,177500.0,10606.601717798212
Wexford Rural,164453.125,109342.71067161327
Whitecastle,167000.0,8185.35277187245
Whitechurch,182297.2972972973,64435.52542609502
Whitehall A,364546.511627907,113378.36013572136
Whitehall B,243533.70807453417,83520.33112479559
Whitehall C,251863.63636363635,80235.36334220337
Whitehall D,251752.9411764706,101010.62601839201
Whitemoor,100000.0,
Wicklow Rural,222582.0224719101,120166.634894574
Wicklow Urban,193943.18181818182,89657.11270952257
Williamstown,51666.666666666664,41932.48541803041
Windmill Cross,168871.42857142858,126691.94547254789
Winetown,85000.0,
Wingfield,141250.0,68524.32658066282
Wood Quay A,261571.42857142858,113844.34862691128
Wood Quay B,450154.5238095238,210490.21065066635
Woodford,120000.0,
Woodfort,252500.0,45961.94077712559
Woodland,50000.0,
Woodstown,252583.33333333334,236851.51818526868
Woolengrange,170666.66666666666,74806.41683706017
Wormhole,262200.0,47094.267167034246
Youghal Rural,156406.25,84054.3908728152
Youghal Urban,116310.84337349398,68783.47258244205
Youghalarra,167500.0,70275.98655098544
ÃÂÃÂrainn,285000.0,
